x,y,region,boundary_flag
0.4181682531586841,0.4459927619515298,1.0,1.0
0.4046098503385364,0.4481621064027535,1.0,1.0
0.3406141890274388,0.4638898536741249,1.0,1.0
0.3167514000639786,0.4492467786283652,1.0,1.0
0.2923462749877127,0.4568394842076481,1.0,1.0
0.2646871332346112,0.4443657536131121,1.0,1.0
0.253298074865687,0.4465350980643358,1.0,1.0
0.2419090164967629,0.4367730480338294,1.0,1.0
0.2283506136766151,0.4356883758082175,1.0,1.0
0.2147922108564673,0.4264686618905171,1.0,1.0
0.1730323301704121,0.4199606285368462,1.0,1.0
0.1659819607039353,0.4118255868447574,1.0,1.0
0.1583892551246525,0.4047752173782806,1.0,1.0
0.1453731884173107,0.4064022257166984,1.0,1.0
0.1366958106124161,0.3982671840246096,1.0,1.0
0.1301877772587451,0.3760314033995673,1.0,1.0
0.131272449484357,0.3619306644666136,1.0,1.0
0.1540505662222052,0.3353561949391239,1.0,1.0
0.1470001967557284,0.3245094726830057,1.0,1.0
0.1524235578837875,0.3109510698628579,1.0,1.0
0.1627279440270998,0.3147474226524993,1.0,1.0
0.1692359773807708,0.315832094878111,1.0,1.0
0.174117002396024,0.303900700396381,1.0,1.0
0.149711877319758,0.305419243167316,1.0,1.0
0.1339841300483865,0.2945725209111979,1.0,1.0
0.1258490883562978,0.3032498987160923,1.0,1.0
0.1139176938745678,0.2999958820392569,1.0,1.0
0.1084943327465087,0.28101411809105,1.0,1.0
0.1204257272282387,0.269950456424574,1.0,1.0
0.1177140466642092,0.2634424230709031,1.0,1.0
0.1030709716184496,0.2721198008757977,1.0,1.0
0.0960206021519727,0.2683234480861563,1.0,1.0
0.0976476104903904,0.2536803730403967,1.0,1.0
0.0873432243470781,0.251511028589173,1.0,1.0
0.0792081826549895,0.2477146757995316,1.0,1.0
0.0824621993318249,0.233071600753772,1.0,1.0
0.0705308048500949,0.2203809390242707,1.0,1.0
0.0585994103683648,0.224719627926718,1.0,1.0
0.0428716630969934,0.2165845862346292,1.0,1.0
0.0428716630969934,0.2089918806553465,1.0,1.0
0.0347366214049047,0.2073648723169288,1.0,1.0
0.0341942852920988,0.1948911417223928,1.0,1.0
0.0444986714354111,0.1824174111278569,1.0,1.0
0.0645651076092298,0.1910947889327514,1.0,1.0
0.0786658465421835,0.1927217972711692,1.0,1.0
0.0884278965726899,0.2030261834144815,1.0,1.0
0.0992746188288082,0.1905524528199455,1.0,1.0
0.1106636771977323,0.18729843614311,1.0,1.0
0.1204257272282387,0.1986874945120341,1.0,1.0
0.1231374077922683,0.2073648723169288,1.0,1.0
0.1323571217099688,0.1992298306248401,1.0,1.0
0.1388651550636397,0.2051955278657051,1.0,1.0
0.1318147855971629,0.2106188889937642,1.0,1.0
0.1388651550636397,0.211703561219376,1.0,1.0
0.1529658939965934,0.199772166737646,1.0,1.0
0.1513388856581757,0.1840444194662746,1.0,1.0
0.158904481052132,0.1682368164977376,1.0,1.0
0.1632431699545793,0.1716113523107521,1.0,1.0
0.1861418058286067,0.1653443572294393,1.0,1.0
0.1890342650969049,0.1672726634083048,1.0,1.0
0.1926498391822776,0.1730575819449012,1.0,1.0
0.2051838293449031,0.1754679646684831,1.0,1.0
0.1991578725359486,0.1908944140994068,1.0,1.0
0.2114508244262159,0.1894481844652577,1.0,1.0
0.2273593504018559,0.1971614091807196,1.0,1.0
0.232662192393736,0.1839043042010195,1.0,1.0
0.2647684932142077,0.1778783473920649,1.0,1.0
0.2700713352060877,0.1834222276563032,1.0,1.0
0.2736869092914604,0.1778783473920649,1.0,1.0
0.2927289328077569,0.1752269263961249,1.0,1.0
0.296826583437846,0.1706471992213194,1.0,1.0
0.2975496982549205,0.1585952856034103,1.0,1.0
0.3052629229703824,0.1506410226155902,1.0,1.0
0.302129425429726,0.1388301472700393,1.0,1.0
0.3149044538647098,0.1306348460098611,1.0,1.0
0.3279205205720516,0.142445721355412,1.0,1.0
0.3351516687427971,0.1390711855423974,1.0,1.0
0.358773419433899,0.1400353386318303,1.0,1.0
0.3775744046778372,0.1436509127172029,1.0,1.0
0.3874569738445227,0.1559438646074703,1.0,1.0
0.3833593232144336,0.1641391658676484,1.0,1.0
0.3780564812225536,0.1629339745058576,1.0,1.0
0.3823951701250009,0.1716113523107521,1.0,1.0
0.4122357053005823,0.1656336208104395,1.0,1.0
0.4279031930038641,0.1699723097128868,1.0,1.0
0.429108384365655,0.1856397974161688,1.0,1.0
0.4233234658290586,0.1916657542251233,1.0,1.0
0.4375447238981915,0.1979327493064361,1.0,1.0
0.4452579486136533,0.1902195245909742,1.0,1.0
0.4353753794469678,0.1882912184121088,1.0,1.0
0.4351343411746096,0.1776855344283487,1.0,1.0
0.4488735226990261,0.1658746590827977,1.0,1.0
0.4360984942640423,0.1653925825380814,1.0,1.0
0.4399551066217733,0.1564259411521867,1.0,1.0
0.4394730300770569,0.1535334818838885,1.0,1.0
0.4310366905445205,0.1496768695261575,1.0,1.0
0.4423654893453551,0.1460612954407848,1.0,1.0
0.4483914461543097,0.1487127164367248,1.0,1.0
0.4510428671502497,0.1439401762982031,1.0,1.0
0.458032977048637,0.1463505590217849,1.0,1.0
0.4655051634917407,0.1420118701193376,1.0,1.0
0.477798115382008,0.147796788655934,1.0,1.0
0.4720131968454116,0.1405656404851885,1.0,1.0
0.4838240721909626,0.1355038367656666,1.0,1.0
0.4732183882072025,0.1314061861355776,1.0,1.0
0.4785212301990826,0.1210415404241758,1.0,1.0
0.4761108474755007,0.1154976601599375,1.0,1.0
0.4722542351177697,0.1239339996924738,1.0,1.0
0.4635768573128752,0.1309241095908613,1.0,1.0
0.460684398044577,0.1294778799567121,1.0,1.0
0.4582740153209951,0.1314061861355776,1.0,1.0
0.4577919387762788,0.1236929614201157,1.0,1.0
0.4573098622315624,0.1198363490623848,1.0,1.0
0.4621306276787261,0.1186311577005939,1.0,1.0
0.4577919387762788,0.1127498179703308,1.0,1.0
0.4618895894063679,0.1069648994337343,1.0,1.0
0.4657462017640988,0.1086521673402416,1.0,1.0
0.4671924313982479,0.103831401893078,1.0,1.0
0.4765929240202171,0.0999747895353471,1.0,1.0
0.4793889620948485,0.0871997611003634,1.0,1.0
0.4909587991680413,0.0794865363849015,1.0,1.0
0.4822814213631468,0.0732195413035888,1.0,1.0
0.4822814213631468,0.0683987758564252,1.0,1.0
0.491922952257474,0.0565879005108741,1.0,1.0
0.4757733880094758,0.0534544029702178,1.0,1.0
0.4757733880094758,0.0401972979905177,1.0,1.0
0.4789068855501322,0.036581723905145,1.0,1.0
0.5044569424200996,0.0450180634376813,1.0,1.0
0.5179550856721578,0.0401972979905177,1.0,1.0
0.5196423535786651,0.0334482263644886,1.0,1.0
0.5333815351030815,0.0213963127465794,1.0,1.0
0.567512578007894,0.0216373510189376,1.0,1.0
0.5723333434550576,0.0271812312831759,1.0,1.0
0.5800465681705195,0.0233246189254449,1.0,1.0
0.599088591686816,0.0315199201856231,1.0,1.0
0.6162023090242469,0.0276633078278922,1.0,1.0
0.620299959654336,0.0211552744742213,1.0,1.0
0.6363531027086676,0.0324840732750559,1.0,1.0
0.638281408887533,0.0517671350637105,1.0,1.0
0.6508153990501586,0.053695441242576,1.0,1.0
0.6488870928712932,0.0585162066897397,1.0,1.0
0.6337016817127276,0.0532133646978595,1.0,1.0
0.6387634854322494,0.0664704696775596,1.0,1.0
0.6344247965298021,0.0715322733970815,1.0,1.0
0.6739550731965441,0.1072059377060925,1.0,1.0
0.6944433263469897,0.1139550093321218,1.0,1.0
0.7009513597006607,0.1231144636817326,1.0,1.0
0.7144495029527188,0.1284173056736126,1.0,1.0
0.7233679190299717,0.1252838081329563,1.0,1.0
0.7267424548429863,0.127694190856538,1.0,1.0
0.7356608709202389,0.1260069229500309,1.0,1.0
0.751858631053262,0.1351181519909998,1.0,1.0
0.7605360088581565,0.1462059125194761,1.0,1.0
0.7578845878622166,0.1676583187593545,1.0,1.0
0.7602949705857983,0.1782640027431146,1.0,1.0
0.7581256261345747,0.192003184267531,1.0,1.0
0.7634284681264547,0.1956187583529037,1.0,1.0
0.751858631053262,0.2100810546943947,1.0,1.0
0.7573061195474506,0.2187584324992893,1.0,1.0
0.7544136602791525,0.238041494287944,1.0,1.0
0.7488697800149142,0.2445495276416148,1.0,1.0
0.7281404885921106,0.2476830251822712,1.0,1.0
0.7040366613562922,0.2615186279003544,1.0,1.0
0.6808969872099067,0.2704370439776071,1.0,1.0
0.6596856192423866,0.3046644786524692,1.0,1.0
0.6370280216407175,0.3044234403801109,1.0,1.0
0.6211194956650774,0.3010489045670964,1.0,1.0
0.6129241944048992,0.2909252971280527,1.0,1.0
0.6018364338764227,0.2971922922093654,1.0,1.0
0.6037647400552881,0.3012899428394545,1.0,1.0
0.6155756154008392,0.30321824901832,1.0,1.0
0.6305199882870465,0.3126187416402892,1.0,1.0
0.6384742512748666,0.3190303538002934,1.0,1.0
0.6490799058350093,0.355475358235021,1.0,1.0
0.6596855898187695,0.3639116977675574,1.0,1.0
0.6640242787212167,0.3728301138448101,1.0,1.0
0.6746299627049767,0.3793381471984811,1.0,1.0
0.6765582688838422,0.4129388735381266,1.0,1.0
0.675112039249693,0.4196879451641557,1.0,1.0
0.6796917664244986,0.4189648303470812,1.0,1.0
0.7017226704027599,0.4350661987100547,1.0,1.0
0.7200415791019819,0.4401280024295765,1.0,1.0
0.7342628371711146,0.4439846147873075,1.0,1.0
0.7390836026182783,0.4567596432222912,1.0,1.0
0.7364321816223383,0.4758016593826833,1.0,1.0
0.7419760618865765,0.4844790371875779,1.0,1.0
0.7470378656060983,0.4921922619030397,1.0,1.0
0.7499303248743965,0.4996644483461435,1.0,1.0
0.758993387453958,0.5023158693420835,1.0,1.0
0.7669476504417779,0.5052083286103817,1.0,1.0
0.7770712578808217,0.5061724816998144,1.0,1.0
0.7879179801369399,0.4972540656225616,1.0,1.0
0.79322082212882,0.4921922619030397,1.0,1.0
0.7999698937548491,0.4931564149924725,1.0,1.0
0.797318472758909,0.4861663050940852,1.0,1.0
0.8035854678402218,0.479417233468056,1.0,1.0
0.8141911518239818,0.4871304581835179,1.0,1.0
0.8149142666410564,0.4926743384477561,1.0,1.0
0.81443219009634,0.496530950805487,1.0,1.0
0.8081651950150273,0.4974951038949197,1.0,1.0
0.8175656876369963,0.5068955965168889,1.0,1.0
0.826146614824607,0.5075223011741532,1.0,1.0
0.8336188012677107,0.516440717251406,1.0,1.0
0.8425372173449635,0.516440717251406,1.0,1.0
0.8478400593368435,0.524394980239226,1.0,1.0
0.8702566186661544,0.5224666740603605,1.0,1.0
0.8977349817149873,0.5381341617636424,1.0,1.0
0.909690503562847,0.5678300761825801,1.0,1.0
0.918849957912458,0.5695173440890874,1.0,1.0
0.9277683739897108,0.5608399662841929,1.0,1.0
0.9325891394368744,0.567589037910222,1.0,1.0
0.94247170860356,0.5646965786419237,1.0,1.0
0.9614655362348316,0.5777126453492656,1.0,1.0
0.9723122584909498,0.5781947218939819,1.0,1.0
0.9785792535722624,0.5760253774427583,1.0,1.0
0.9891849375560228,0.5810871811622802,1.0,1.0
0.9826769042023517,0.5822923725240711,1.0,1.0
0.9824358659299934,0.5900055972395329,1.0,1.0
0.9918363585519626,0.587354176243593,1.0,1.0
0.9918363585519626,0.5936211713249057,1.0,1.0
0.9836410572917844,0.5948745714445539,1.0,1.0
0.9677325313161445,0.6124703653267012,1.0,1.0
0.9602603448730408,0.606926485062463,1.0,1.0
0.958091000421817,0.6134345184161341,1.0,1.0
0.9491725843445642,0.6134345184161341,1.0,1.0
0.946039086803908,0.6127114035990594,1.0,1.0
0.946039086803908,0.617532169046223,1.0,1.0
0.940977283084386,0.6262095468511176,1.0,1.0
0.9306126373729842,0.629102006119416,1.0,1.0
0.9294074460111932,0.6233170875828193,1.0,1.0
0.9130168434908368,0.6245222789446103,1.0,1.0
0.8939748199745404,0.6334406950218632,1.0,1.0
0.8792714853606911,0.6397076901031759,1.0,1.0
0.8689068396492893,0.6430822259161905,1.0,1.0
0.8564692412567133,0.6406718431926085,1.0,1.0
0.8516484758095496,0.6406718431926085,1.0,1.0
0.8379092942851332,0.6486261061804285,1.0,1.0
0.827062572029015,0.6399487283755341,1.0,1.0
0.8010304386143313,0.6413949580096832,1.0,1.0
0.7904247546305712,0.6269326616681923,1.0,1.0
0.782229453370393,0.6300661592088486,1.0,1.0
0.7839167212769003,0.633199656749505,1.0,1.0
0.7790959558297367,0.6360921160178031,1.0,1.0
0.7711416928419166,0.6329586184771469,1.0,1.0
0.776926611378513,0.6288609678470577,1.0,1.0
0.7757214200167221,0.6204246283145213,1.0,1.0
0.7687313101183347,0.6127114035990594,1.0,1.0
0.759812894041082,0.6204246283145213,1.0,1.0
0.7494482483296802,0.625245393761685,1.0,1.0
0.7417350236142183,0.6211477431315958,1.0,1.0
0.7436633297930837,0.6136755566884922,1.0,1.0
0.751858631053262,0.6107830974201939,1.0,1.0
0.7537869372321274,0.6018646813429412,1.0,1.0
0.7501713631467547,0.5999363751640757,1.0,1.0
0.7414939853418601,0.6018646813429412,1.0,1.0
0.7335397223540401,0.6066854467901048,1.0,1.0
0.721198574578748,0.6035519478702164,1.0,1.0
0.7139674264080025,0.6006594886019183,1.0,1.0
0.7016744745177351,0.6074085602279473,1.0,1.0
0.6934791732575569,0.6033109095978583,1.0,1.0
0.6903456757169005,0.5934283404311728,1.0,1.0
0.6778116855542751,0.59246418734174,1.0,1.0
0.6679291163875896,0.585956153988069,1.0,1.0
0.6599748533997695,0.59246418734174,1.0,1.0
0.6402097150663985,0.5941514552482472,1.0,1.0
0.6243011890907585,0.5953566466100382,1.0,1.0
0.6151417347411475,0.5857151157157109,1.0,1.0
0.5970638643142838,0.5789660440896818,1.0,1.0
0.5850119506963746,0.5886075749840092,1.0,1.0
0.5760935346191218,0.5898127663457999,1.0,1.0
0.5686213481760182,0.5760735848213836,1.0,1.0
0.5678982333589436,0.5565494847603707,1.0,1.0
0.5809143000662855,0.5548622168538635,1.0,1.0
0.585494027241091,0.535820193337567,1.0,1.0
0.5912789457776875,0.5325902814994042,1.0,1.0
0.585494027241091,0.5256001716010169,1.0,1.0
0.585494027241091,0.5188510999749878,1.0,1.0
0.5932072519565529,0.5111378752595259,1.0,1.0
0.6045360507573875,0.5108968369871678,1.0,1.0
0.6132134285622821,0.5051119184505714,1.0,1.0
0.6267115718143402,0.509932683897735,1.0,1.0
0.6363531027086676,0.5198152530644206,1.0,1.0
0.638281408887533,0.5366879321294934,1.0,1.0
0.6324964903509367,0.5444011568449552,1.0,1.0
0.6218908063671766,0.5398214296701497,1.0,1.0
0.6124903137452075,0.5340365111335533,1.0,1.0
0.6211676915501021,0.5542837260116407,1.0,1.0
0.6327375286232948,0.5492219222921189,1.0,1.0
0.6481639780542185,0.5521143815604169,1.0,1.0
0.6517795521395913,0.5453653099343879,1.0,1.0
0.6650366571192914,0.5499450371091933,1.0,1.0
0.6722678052900368,0.5448832333896716,1.0,1.0
0.6676880781152313,0.5371700086742097,1.0,1.0
0.6570823941314714,0.5325902814994042,1.0,1.0
0.6568413558591132,0.5183690234302714,1.0,1.0
0.6573234324038295,0.5089685308083023,1.0,1.0
0.6464767101477112,0.5023640799389169,1.0,1.0
0.6392455619769658,0.4900711280486494,1.0,1.0
0.6283988397208475,0.4888659366868585,1.0,1.0
0.6127313520175657,0.4731984489835766,1.0,1.0
0.5990403663781739,0.4686187218087711,1.0,1.0
0.575418615687072,0.4522281192884147,1.0,1.0
0.5585459366219993,0.4481304686583257,1.0,1.0
0.5419142958292847,0.4534333106502056,1.0,1.0
0.5320317266625992,0.4481304686583257,1.0,1.0
0.5320317266625992,0.443309703211162,1.0,1.0
0.5303444587560919,0.4418634735770129,1.0,1.0
0.527693037760152,0.4440328180282364,1.0,1.0
0.5211850044064809,0.451263966198982,1.0,1.0
0.5076868611544226,0.4510229279266238,1.0,1.0
0.4905731438169917,0.4437917797558784,1.0,1.0
0.464541010402308,0.4599413440038766,1.0,1.0
0.4573098622315624,0.4582540760973693,1.0,1.0
0.4539353264185479,0.4495766982924747,1.0,1.0
0.4312777288168787,0.4563257699185039,1.0,1.0
0.04758588566182401,0.1952460792806489,1.0,0.0
0.04758588566182401,0.20863767965037414,1.0,0.0
0.06097748603154921,0.1952460792806489,1.0,0.0
0.06097748603154921,0.20863767965037414,1.0,0.0
0.06097748603154921,0.22202928002009933,1.0,0.0
0.07436908640127442,0.1952460792806489,1.0,0.0
0.07436908640127442,0.20863767965037414,1.0,0.0
0.07436908640127442,0.22202928002009933,1.0,0.0
0.08776068677099963,0.20863767965037414,1.0,0.0
0.08776068677099963,0.22202928002009933,1.0,0.0
0.08776068677099963,0.23542088038982453,1.0,0.0
0.08776068677099963,0.24881248075954973,1.0,0.0
0.10115228714072483,0.1952460792806489,1.0,0.0
0.10115228714072483,0.20863767965037414,1.0,0.0
0.10115228714072483,0.22202928002009933,1.0,0.0
0.10115228714072483,0.23542088038982453,1.0,0.0
0.10115228714072483,0.24881248075954973,1.0,0.0
0.10115228714072483,0.26220408112927496,1.0,0.0
0.11454388751045003,0.1952460792806489,1.0,0.0
0.11454388751045003,0.20863767965037414,1.0,0.0
0.11454388751045003,0.22202928002009933,1.0,0.0
0.11454388751045003,0.23542088038982453,1.0,0.0
0.11454388751045003,0.24881248075954973,1.0,0.0
0.11454388751045003,0.26220408112927496,1.0,0.0
0.11454388751045003,0.27559568149900016,1.0,0.0
0.11454388751045003,0.28898728186872535,1.0,0.0
0.12793548788017522,0.20863767965037414,1.0,0.0
0.12793548788017522,0.22202928002009933,1.0,0.0
0.12793548788017522,0.23542088038982453,1.0,0.0
0.12793548788017522,0.24881248075954973,1.0,0.0
0.12793548788017522,0.26220408112927496,1.0,0.0
0.12793548788017522,0.27559568149900016,1.0,0.0
0.12793548788017522,0.28898728186872535,1.0,0.0
0.14132708824990045,0.22202928002009933,1.0,0.0
0.14132708824990045,0.23542088038982453,1.0,0.0
0.14132708824990045,0.24881248075954973,1.0,0.0
0.14132708824990045,0.26220408112927496,1.0,0.0
0.14132708824990045,0.27559568149900016,1.0,0.0
0.14132708824990045,0.28898728186872535,1.0,0.0
0.14132708824990045,0.35594528371735135,1.0,0.0
0.14132708824990045,0.36933688408707654,1.0,0.0
0.14132708824990045,0.38272848445680174,1.0,0.0
0.14132708824990045,0.39612008482652694,1.0,0.0
0.15471868861962565,0.1818544789109237,1.0,0.0
0.15471868861962565,0.1952460792806489,1.0,0.0
0.15471868861962565,0.20863767965037414,1.0,0.0
0.15471868861962565,0.22202928002009933,1.0,0.0
0.15471868861962565,0.23542088038982453,1.0,0.0
0.15471868861962565,0.24881248075954973,1.0,0.0
0.15471868861962565,0.26220408112927496,1.0,0.0
0.15471868861962565,0.27559568149900016,1.0,0.0
0.15471868861962565,0.28898728186872535,1.0,0.0
0.15471868861962565,0.30237888223845055,1.0,0.0
0.15471868861962565,0.31577048260817575,1.0,0.0
0.15471868861962565,0.32916208297790095,1.0,0.0
0.15471868861962565,0.34255368334762615,1.0,0.0
0.15471868861962565,0.35594528371735135,1.0,0.0
0.15471868861962565,0.36933688408707654,1.0,0.0
0.15471868861962565,0.38272848445680174,1.0,0.0
0.15471868861962565,0.39612008482652694,1.0,0.0
0.16811028898935085,0.1818544789109237,1.0,0.0
0.16811028898935085,0.1952460792806489,1.0,0.0
0.16811028898935085,0.20863767965037414,1.0,0.0
0.16811028898935085,0.22202928002009933,1.0,0.0
0.16811028898935085,0.23542088038982453,1.0,0.0
0.16811028898935085,0.24881248075954973,1.0,0.0
0.16811028898935085,0.26220408112927496,1.0,0.0
0.16811028898935085,0.27559568149900016,1.0,0.0
0.16811028898935085,0.28898728186872535,1.0,0.0
0.16811028898935085,0.30237888223845055,1.0,0.0
0.16811028898935085,0.31577048260817575,1.0,0.0
0.16811028898935085,0.32916208297790095,1.0,0.0
0.16811028898935085,0.34255368334762615,1.0,0.0
0.16811028898935085,0.35594528371735135,1.0,0.0
0.16811028898935085,0.36933688408707654,1.0,0.0
0.16811028898935085,0.38272848445680174,1.0,0.0
0.16811028898935085,0.39612008482652694,1.0,0.0
0.16811028898935085,0.40951168519625214,1.0,0.0
0.18150188935907607,0.1684628785411985,1.0,0.0
0.18150188935907607,0.1818544789109237,1.0,0.0
0.18150188935907607,0.1952460792806489,1.0,0.0
0.18150188935907607,0.20863767965037414,1.0,0.0
0.18150188935907607,0.22202928002009933,1.0,0.0
0.18150188935907607,0.23542088038982453,1.0,0.0
0.18150188935907607,0.24881248075954973,1.0,0.0
0.18150188935907607,0.26220408112927496,1.0,0.0
0.18150188935907607,0.27559568149900016,1.0,0.0
0.18150188935907607,0.28898728186872535,1.0,0.0
0.18150188935907607,0.30237888223845055,1.0,0.0
0.18150188935907607,0.31577048260817575,1.0,0.0
0.18150188935907607,0.32916208297790095,1.0,0.0
0.18150188935907607,0.34255368334762615,1.0,0.0
0.18150188935907607,0.35594528371735135,1.0,0.0
0.18150188935907607,0.36933688408707654,1.0,0.0
0.18150188935907607,0.38272848445680174,1.0,0.0
0.18150188935907607,0.39612008482652694,1.0,0.0
0.18150188935907607,0.40951168519625214,1.0,0.0
0.19489348972880127,0.1818544789109237,1.0,0.0
0.19489348972880127,0.1952460792806489,1.0,0.0
0.19489348972880127,0.20863767965037414,1.0,0.0
0.19489348972880127,0.22202928002009933,1.0,0.0
0.19489348972880127,0.23542088038982453,1.0,0.0
0.19489348972880127,0.24881248075954973,1.0,0.0
0.19489348972880127,0.26220408112927496,1.0,0.0
0.19489348972880127,0.27559568149900016,1.0,0.0
0.19489348972880127,0.28898728186872535,1.0,0.0
0.19489348972880127,0.30237888223845055,1.0,0.0
0.19489348972880127,0.31577048260817575,1.0,0.0
0.19489348972880127,0.32916208297790095,1.0,0.0
0.19489348972880127,0.34255368334762615,1.0,0.0
0.19489348972880127,0.35594528371735135,1.0,0.0
0.19489348972880127,0.36933688408707654,1.0,0.0
0.19489348972880127,0.38272848445680174,1.0,0.0
0.19489348972880127,0.39612008482652694,1.0,0.0
0.19489348972880127,0.40951168519625214,1.0,0.0
0.19489348972880127,0.42290328556597734,1.0,0.0
0.20828509009852647,0.1952460792806489,1.0,0.0
0.20828509009852647,0.20863767965037414,1.0,0.0
0.20828509009852647,0.22202928002009933,1.0,0.0
0.20828509009852647,0.23542088038982453,1.0,0.0
0.20828509009852647,0.24881248075954973,1.0,0.0
0.20828509009852647,0.26220408112927496,1.0,0.0
0.20828509009852647,0.27559568149900016,1.0,0.0
0.20828509009852647,0.28898728186872535,1.0,0.0
0.20828509009852647,0.30237888223845055,1.0,0.0
0.20828509009852647,0.31577048260817575,1.0,0.0
0.20828509009852647,0.32916208297790095,1.0,0.0
0.20828509009852647,0.34255368334762615,1.0,0.0
0.20828509009852647,0.35594528371735135,1.0,0.0
0.20828509009852647,0.36933688408707654,1.0,0.0
0.20828509009852647,0.38272848445680174,1.0,0.0
0.20828509009852647,0.39612008482652694,1.0,0.0
0.20828509009852647,0.40951168519625214,1.0,0.0
0.20828509009852647,0.42290328556597734,1.0,0.0
0.22167669046825167,0.1952460792806489,1.0,0.0
0.22167669046825167,0.20863767965037414,1.0,0.0
0.22167669046825167,0.22202928002009933,1.0,0.0
0.22167669046825167,0.23542088038982453,1.0,0.0
0.22167669046825167,0.24881248075954973,1.0,0.0
0.22167669046825167,0.26220408112927496,1.0,0.0
0.22167669046825167,0.27559568149900016,1.0,0.0
0.22167669046825167,0.28898728186872535,1.0,0.0
0.22167669046825167,0.30237888223845055,1.0,0.0
0.22167669046825167,0.31577048260817575,1.0,0.0
0.22167669046825167,0.32916208297790095,1.0,0.0
0.22167669046825167,0.34255368334762615,1.0,0.0
0.22167669046825167,0.35594528371735135,1.0,0.0
0.22167669046825167,0.36933688408707654,1.0,0.0
0.22167669046825167,0.38272848445680174,1.0,0.0
0.22167669046825167,0.39612008482652694,1.0,0.0
0.22167669046825167,0.40951168519625214,1.0,0.0
0.22167669046825167,0.42290328556597734,1.0,0.0
0.23506829083797687,0.1952460792806489,1.0,0.0
0.23506829083797687,0.20863767965037414,1.0,0.0
0.23506829083797687,0.22202928002009933,1.0,0.0
0.23506829083797687,0.23542088038982453,1.0,0.0
0.23506829083797687,0.24881248075954973,1.0,0.0
0.23506829083797687,0.26220408112927496,1.0,0.0
0.23506829083797687,0.27559568149900016,1.0,0.0
0.23506829083797687,0.28898728186872535,1.0,0.0
0.23506829083797687,0.30237888223845055,1.0,0.0
0.23506829083797687,0.31577048260817575,1.0,0.0
0.23506829083797687,0.32916208297790095,1.0,0.0
0.23506829083797687,0.34255368334762615,1.0,0.0
0.23506829083797687,0.35594528371735135,1.0,0.0
0.23506829083797687,0.36933688408707654,1.0,0.0
0.23506829083797687,0.38272848445680174,1.0,0.0
0.23506829083797687,0.39612008482652694,1.0,0.0
0.23506829083797687,0.40951168519625214,1.0,0.0
0.23506829083797687,0.42290328556597734,1.0,0.0
0.2484598912077021,0.1818544789109237,1.0,0.0
0.2484598912077021,0.1952460792806489,1.0,0.0
0.2484598912077021,0.20863767965037414,1.0,0.0
0.2484598912077021,0.22202928002009933,1.0,0.0
0.2484598912077021,0.23542088038982453,1.0,0.0
0.2484598912077021,0.24881248075954973,1.0,0.0
0.2484598912077021,0.26220408112927496,1.0,0.0
0.2484598912077021,0.27559568149900016,1.0,0.0
0.2484598912077021,0.28898728186872535,1.0,0.0
0.2484598912077021,0.30237888223845055,1.0,0.0
0.2484598912077021,0.31577048260817575,1.0,0.0
0.2484598912077021,0.32916208297790095,1.0,0.0
0.2484598912077021,0.34255368334762615,1.0,0.0
0.2484598912077021,0.35594528371735135,1.0,0.0
0.2484598912077021,0.36933688408707654,1.0,0.0
0.2484598912077021,0.38272848445680174,1.0,0.0
0.2484598912077021,0.39612008482652694,1.0,0.0
0.2484598912077021,0.40951168519625214,1.0,0.0
0.2484598912077021,0.42290328556597734,1.0,0.0
0.2484598912077021,0.43629488593570254,1.0,0.0
0.26185149157742726,0.1818544789109237,1.0,0.0
0.26185149157742726,0.1952460792806489,1.0,0.0
0.26185149157742726,0.20863767965037414,1.0,0.0
0.26185149157742726,0.22202928002009933,1.0,0.0
0.26185149157742726,0.23542088038982453,1.0,0.0
0.26185149157742726,0.24881248075954973,1.0,0.0
0.26185149157742726,0.26220408112927496,1.0,0.0
0.26185149157742726,0.27559568149900016,1.0,0.0
0.26185149157742726,0.28898728186872535,1.0,0.0
0.26185149157742726,0.30237888223845055,1.0,0.0
0.26185149157742726,0.31577048260817575,1.0,0.0
0.26185149157742726,0.32916208297790095,1.0,0.0
0.26185149157742726,0.34255368334762615,1.0,0.0
0.26185149157742726,0.35594528371735135,1.0,0.0
0.26185149157742726,0.36933688408707654,1.0,0.0
0.26185149157742726,0.38272848445680174,1.0,0.0
0.26185149157742726,0.39612008482652694,1.0,0.0
0.26185149157742726,0.40951168519625214,1.0,0.0
0.26185149157742726,0.42290328556597734,1.0,0.0
0.26185149157742726,0.43629488593570254,1.0,0.0
0.2752430919471525,0.1818544789109237,1.0,0.0
0.2752430919471525,0.1952460792806489,1.0,0.0
0.2752430919471525,0.20863767965037414,1.0,0.0
0.2752430919471525,0.22202928002009933,1.0,0.0
0.2752430919471525,0.23542088038982453,1.0,0.0
0.2752430919471525,0.24881248075954973,1.0,0.0
0.2752430919471525,0.26220408112927496,1.0,0.0
0.2752430919471525,0.27559568149900016,1.0,0.0
0.2752430919471525,0.28898728186872535,1.0,0.0
0.2752430919471525,0.30237888223845055,1.0,0.0
0.2752430919471525,0.31577048260817575,1.0,0.0
0.2752430919471525,0.32916208297790095,1.0,0.0
0.2752430919471525,0.34255368334762615,1.0,0.0
0.2752430919471525,0.35594528371735135,1.0,0.0
0.2752430919471525,0.36933688408707654,1.0,0.0
0.2752430919471525,0.38272848445680174,1.0,0.0
0.2752430919471525,0.39612008482652694,1.0,0.0
0.2752430919471525,0.40951168519625214,1.0,0.0
0.2752430919471525,0.42290328556597734,1.0,0.0
0.2752430919471525,0.43629488593570254,1.0,0.0
0.2886346923168777,0.1818544789109237,1.0,0.0
0.2886346923168777,0.1952460792806489,1.0,0.0
0.2886346923168777,0.20863767965037414,1.0,0.0
0.2886346923168777,0.22202928002009933,1.0,0.0
0.2886346923168777,0.23542088038982453,1.0,0.0
0.2886346923168777,0.24881248075954973,1.0,0.0
0.2886346923168777,0.26220408112927496,1.0,0.0
0.2886346923168777,0.27559568149900016,1.0,0.0
0.2886346923168777,0.28898728186872535,1.0,0.0
0.2886346923168777,0.30237888223845055,1.0,0.0
0.2886346923168777,0.31577048260817575,1.0,0.0
0.2886346923168777,0.32916208297790095,1.0,0.0
0.2886346923168777,0.34255368334762615,1.0,0.0
0.2886346923168777,0.35594528371735135,1.0,0.0
0.2886346923168777,0.36933688408707654,1.0,0.0
0.2886346923168777,0.38272848445680174,1.0,0.0
0.2886346923168777,0.39612008482652694,1.0,0.0
0.2886346923168777,0.40951168519625214,1.0,0.0
0.2886346923168777,0.42290328556597734,1.0,0.0
0.2886346923168777,0.43629488593570254,1.0,0.0
0.2886346923168777,0.44968648630542774,1.0,0.0
0.3020262926866029,0.15507127817147331,1.0,0.0
0.3020262926866029,0.1684628785411985,1.0,0.0
0.3020262926866029,0.1818544789109237,1.0,0.0
0.3020262926866029,0.1952460792806489,1.0,0.0
0.3020262926866029,0.20863767965037414,1.0,0.0
0.3020262926866029,0.22202928002009933,1.0,0.0
0.3020262926866029,0.23542088038982453,1.0,0.0
0.3020262926866029,0.24881248075954973,1.0,0.0
0.3020262926866029,0.26220408112927496,1.0,0.0
0.3020262926866029,0.27559568149900016,1.0,0.0
0.3020262926866029,0.28898728186872535,1.0,0.0
0.3020262926866029,0.30237888223845055,1.0,0.0
0.3020262926866029,0.31577048260817575,1.0,0.0
0.3020262926866029,0.32916208297790095,1.0,0.0
0.3020262926866029,0.34255368334762615,1.0,0.0
0.3020262926866029,0.35594528371735135,1.0,0.0
0.3020262926866029,0.36933688408707654,1.0,0.0
0.3020262926866029,0.38272848445680174,1.0,0.0
0.3020262926866029,0.39612008482652694,1.0,0.0
0.3020262926866029,0.40951168519625214,1.0,0.0
0.3020262926866029,0.42290328556597734,1.0,0.0
0.3020262926866029,0.43629488593570254,1.0,0.0
0.3020262926866029,0.44968648630542774,1.0,0.0
0.3154178930563281,0.14167967780174812,1.0,0.0
0.3154178930563281,0.15507127817147331,1.0,0.0
0.3154178930563281,0.1684628785411985,1.0,0.0
0.3154178930563281,0.1818544789109237,1.0,0.0
0.3154178930563281,0.1952460792806489,1.0,0.0
0.3154178930563281,0.20863767965037414,1.0,0.0
0.3154178930563281,0.22202928002009933,1.0,0.0
0.3154178930563281,0.23542088038982453,1.0,0.0
0.3154178930563281,0.24881248075954973,1.0,0.0
0.3154178930563281,0.26220408112927496,1.0,0.0
0.3154178930563281,0.27559568149900016,1.0,0.0
0.3154178930563281,0.28898728186872535,1.0,0.0
0.3154178930563281,0.30237888223845055,1.0,0.0
0.3154178930563281,0.31577048260817575,1.0,0.0
0.3154178930563281,0.32916208297790095,1.0,0.0
0.3154178930563281,0.34255368334762615,1.0,0.0
0.3154178930563281,0.35594528371735135,1.0,0.0
0.3154178930563281,0.36933688408707654,1.0,0.0
0.3154178930563281,0.38272848445680174,1.0,0.0
0.3154178930563281,0.39612008482652694,1.0,0.0
0.3154178930563281,0.40951168519625214,1.0,0.0
0.3154178930563281,0.42290328556597734,1.0,0.0
0.3154178930563281,0.43629488593570254,1.0,0.0
0.3288094934260533,0.15507127817147331,1.0,0.0
0.3288094934260533,0.1684628785411985,1.0,0.0
0.3288094934260533,0.1818544789109237,1.0,0.0
0.3288094934260533,0.1952460792806489,1.0,0.0
0.3288094934260533,0.20863767965037414,1.0,0.0
0.3288094934260533,0.22202928002009933,1.0,0.0
0.3288094934260533,0.23542088038982453,1.0,0.0
0.3288094934260533,0.24881248075954973,1.0,0.0
0.3288094934260533,0.26220408112927496,1.0,0.0
0.3288094934260533,0.27559568149900016,1.0,0.0
0.3288094934260533,0.28898728186872535,1.0,0.0
0.3288094934260533,0.30237888223845055,1.0,0.0
0.3288094934260533,0.31577048260817575,1.0,0.0
0.3288094934260533,0.32916208297790095,1.0,0.0
0.3288094934260533,0.34255368334762615,1.0,0.0
0.3288094934260533,0.35594528371735135,1.0,0.0
0.3288094934260533,0.36933688408707654,1.0,0.0
0.3288094934260533,0.38272848445680174,1.0,0.0
0.3288094934260533,0.39612008482652694,1.0,0.0
0.3288094934260533,0.40951168519625214,1.0,0.0
0.3288094934260533,0.42290328556597734,1.0,0.0
0.3288094934260533,0.43629488593570254,1.0,0.0
0.3288094934260533,0.44968648630542774,1.0,0.0
0.3422010937957785,0.14167967780174812,1.0,0.0
0.3422010937957785,0.15507127817147331,1.0,0.0
0.3422010937957785,0.1684628785411985,1.0,0.0
0.3422010937957785,0.1818544789109237,1.0,0.0
0.3422010937957785,0.1952460792806489,1.0,0.0
0.3422010937957785,0.20863767965037414,1.0,0.0
0.3422010937957785,0.22202928002009933,1.0,0.0
0.3422010937957785,0.23542088038982453,1.0,0.0
0.3422010937957785,0.24881248075954973,1.0,0.0
0.3422010937957785,0.26220408112927496,1.0,0.0
0.3422010937957785,0.27559568149900016,1.0,0.0
0.3422010937957785,0.28898728186872535,1.0,0.0
0.3422010937957785,0.30237888223845055,1.0,0.0
0.3422010937957785,0.31577048260817575,1.0,0.0
0.3422010937957785,0.32916208297790095,1.0,0.0
0.3422010937957785,0.34255368334762615,1.0,0.0
0.3422010937957785,0.35594528371735135,1.0,0.0
0.3422010937957785,0.36933688408707654,1.0,0.0
0.3422010937957785,0.38272848445680174,1.0,0.0
0.3422010937957785,0.39612008482652694,1.0,0.0
0.3422010937957785,0.40951168519625214,1.0,0.0
0.3422010937957785,0.42290328556597734,1.0,0.0
0.3422010937957785,0.43629488593570254,1.0,0.0
0.3422010937957785,0.44968648630542774,1.0,0.0
0.3422010937957785,0.46307808667515293,1.0,0.0
0.3555926941655037,0.14167967780174812,1.0,0.0
0.3555926941655037,0.15507127817147331,1.0,0.0
0.3555926941655037,0.1684628785411985,1.0,0.0
0.3555926941655037,0.1818544789109237,1.0,0.0
0.3555926941655037,0.1952460792806489,1.0,0.0
0.3555926941655037,0.20863767965037414,1.0,0.0
0.3555926941655037,0.22202928002009933,1.0,0.0
0.3555926941655037,0.23542088038982453,1.0,0.0
0.3555926941655037,0.24881248075954973,1.0,0.0
0.3555926941655037,0.26220408112927496,1.0,0.0
0.3555926941655037,0.27559568149900016,1.0,0.0
0.3555926941655037,0.28898728186872535,1.0,0.0
0.3555926941655037,0.30237888223845055,1.0,0.0
0.3555926941655037,0.31577048260817575,1.0,0.0
0.3555926941655037,0.32916208297790095,1.0,0.0
0.3555926941655037,0.34255368334762615,1.0,0.0
0.3555926941655037,0.35594528371735135,1.0,0.0
0.3555926941655037,0.36933688408707654,1.0,0.0
0.3555926941655037,0.38272848445680174,1.0,0.0
0.3555926941655037,0.39612008482652694,1.0,0.0
0.3555926941655037,0.40951168519625214,1.0,0.0
0.3555926941655037,0.42290328556597734,1.0,0.0
0.3555926941655037,0.43629488593570254,1.0,0.0
0.3555926941655037,0.44968648630542774,1.0,0.0
0.36898429453522896,0.15507127817147331,1.0,0.0
0.36898429453522896,0.1684628785411985,1.0,0.0
0.36898429453522896,0.1818544789109237,1.0,0.0
0.36898429453522896,0.1952460792806489,1.0,0.0
0.36898429453522896,0.20863767965037414,1.0,0.0
0.36898429453522896,0.22202928002009933,1.0,0.0
0.36898429453522896,0.23542088038982453,1.0,0.0
0.36898429453522896,0.24881248075954973,1.0,0.0
0.36898429453522896,0.26220408112927496,1.0,0.0
0.36898429453522896,0.27559568149900016,1.0,0.0
0.36898429453522896,0.28898728186872535,1.0,0.0
0.36898429453522896,0.30237888223845055,1.0,0.0
0.36898429453522896,0.31577048260817575,1.0,0.0
0.36898429453522896,0.32916208297790095,1.0,0.0
0.36898429453522896,0.34255368334762615,1.0,0.0
0.36898429453522896,0.35594528371735135,1.0,0.0
0.36898429453522896,0.36933688408707654,1.0,0.0
0.36898429453522896,0.38272848445680174,1.0,0.0
0.36898429453522896,0.39612008482652694,1.0,0.0
0.36898429453522896,0.40951168519625214,1.0,0.0
0.36898429453522896,0.42290328556597734,1.0,0.0
0.36898429453522896,0.43629488593570254,1.0,0.0
0.36898429453522896,0.44968648630542774,1.0,0.0
0.38237589490495416,0.15507127817147331,1.0,0.0
0.38237589490495416,0.1818544789109237,1.0,0.0
0.38237589490495416,0.1952460792806489,1.0,0.0
0.38237589490495416,0.20863767965037414,1.0,0.0
0.38237589490495416,0.22202928002009933,1.0,0.0
0.38237589490495416,0.23542088038982453,1.0,0.0
0.38237589490495416,0.24881248075954973,1.0,0.0
0.38237589490495416,0.26220408112927496,1.0,0.0
0.38237589490495416,0.27559568149900016,1.0,0.0
0.38237589490495416,0.28898728186872535,1.0,0.0
0.38237589490495416,0.30237888223845055,1.0,0.0
0.38237589490495416,0.31577048260817575,1.0,0.0
0.38237589490495416,0.32916208297790095,1.0,0.0
0.38237589490495416,0.34255368334762615,1.0,0.0
0.38237589490495416,0.35594528371735135,1.0,0.0
0.38237589490495416,0.36933688408707654,1.0,0.0
0.38237589490495416,0.38272848445680174,1.0,0.0
0.38237589490495416,0.39612008482652694,1.0,0.0
0.38237589490495416,0.40951168519625214,1.0,0.0
0.38237589490495416,0.42290328556597734,1.0,0.0
0.38237589490495416,0.43629488593570254,1.0,0.0
0.38237589490495416,0.44968648630542774,1.0,0.0
0.39576749527467936,0.1818544789109237,1.0,0.0
0.39576749527467936,0.1952460792806489,1.0,0.0
0.39576749527467936,0.20863767965037414,1.0,0.0
0.39576749527467936,0.22202928002009933,1.0,0.0
0.39576749527467936,0.23542088038982453,1.0,0.0
0.39576749527467936,0.24881248075954973,1.0,0.0
0.39576749527467936,0.26220408112927496,1.0,0.0
0.39576749527467936,0.27559568149900016,1.0,0.0
0.39576749527467936,0.28898728186872535,1.0,0.0
0.39576749527467936,0.30237888223845055,1.0,0.0
0.39576749527467936,0.31577048260817575,1.0,0.0
0.39576749527467936,0.32916208297790095,1.0,0.0
0.39576749527467936,0.34255368334762615,1.0,0.0
0.39576749527467936,0.35594528371735135,1.0,0.0
0.39576749527467936,0.36933688408707654,1.0,0.0
0.39576749527467936,0.38272848445680174,1.0,0.0
0.39576749527467936,0.39612008482652694,1.0,0.0
0.39576749527467936,0.40951168519625214,1.0,0.0
0.39576749527467936,0.42290328556597734,1.0,0.0
0.39576749527467936,0.43629488593570254,1.0,0.0
0.39576749527467936,0.44968648630542774,1.0,0.0
0.40915909564440456,0.1684628785411985,1.0,0.0
0.40915909564440456,0.1818544789109237,1.0,0.0
0.40915909564440456,0.1952460792806489,1.0,0.0
0.40915909564440456,0.20863767965037414,1.0,0.0
0.40915909564440456,0.22202928002009933,1.0,0.0
0.40915909564440456,0.23542088038982453,1.0,0.0
0.40915909564440456,0.24881248075954973,1.0,0.0
0.40915909564440456,0.26220408112927496,1.0,0.0
0.40915909564440456,0.27559568149900016,1.0,0.0
0.40915909564440456,0.28898728186872535,1.0,0.0
0.40915909564440456,0.30237888223845055,1.0,0.0
0.40915909564440456,0.31577048260817575,1.0,0.0
0.40915909564440456,0.32916208297790095,1.0,0.0
0.40915909564440456,0.34255368334762615,1.0,0.0
0.40915909564440456,0.35594528371735135,1.0,0.0
0.40915909564440456,0.36933688408707654,1.0,0.0
0.40915909564440456,0.38272848445680174,1.0,0.0
0.40915909564440456,0.39612008482652694,1.0,0.0
0.40915909564440456,0.40951168519625214,1.0,0.0
0.40915909564440456,0.42290328556597734,1.0,0.0
0.40915909564440456,0.43629488593570254,1.0,0.0
0.42255069601412976,0.1818544789109237,1.0,0.0
0.42255069601412976,0.1952460792806489,1.0,0.0
0.42255069601412976,0.20863767965037414,1.0,0.0
0.42255069601412976,0.22202928002009933,1.0,0.0
0.42255069601412976,0.23542088038982453,1.0,0.0
0.42255069601412976,0.24881248075954973,1.0,0.0
0.42255069601412976,0.26220408112927496,1.0,0.0
0.42255069601412976,0.27559568149900016,1.0,0.0
0.42255069601412976,0.28898728186872535,1.0,0.0
0.42255069601412976,0.30237888223845055,1.0,0.0
0.42255069601412976,0.31577048260817575,1.0,0.0
0.42255069601412976,0.32916208297790095,1.0,0.0
0.42255069601412976,0.34255368334762615,1.0,0.0
0.42255069601412976,0.35594528371735135,1.0,0.0
0.42255069601412976,0.36933688408707654,1.0,0.0
0.42255069601412976,0.38272848445680174,1.0,0.0
0.42255069601412976,0.39612008482652694,1.0,0.0
0.42255069601412976,0.40951168519625214,1.0,0.0
0.42255069601412976,0.42290328556597734,1.0,0.0
0.42255069601412976,0.43629488593570254,1.0,0.0
0.43594229638385495,0.1818544789109237,1.0,0.0
0.43594229638385495,0.20863767965037414,1.0,0.0
0.43594229638385495,0.22202928002009933,1.0,0.0
0.43594229638385495,0.23542088038982453,1.0,0.0
0.43594229638385495,0.24881248075954973,1.0,0.0
0.43594229638385495,0.26220408112927496,1.0,0.0
0.43594229638385495,0.27559568149900016,1.0,0.0
0.43594229638385495,0.28898728186872535,1.0,0.0
0.43594229638385495,0.30237888223845055,1.0,0.0
0.43594229638385495,0.31577048260817575,1.0,0.0
0.43594229638385495,0.32916208297790095,1.0,0.0
0.43594229638385495,0.34255368334762615,1.0,0.0
0.43594229638385495,0.35594528371735135,1.0,0.0
0.43594229638385495,0.36933688408707654,1.0,0.0
0.43594229638385495,0.38272848445680174,1.0,0.0
0.43594229638385495,0.39612008482652694,1.0,0.0
0.43594229638385495,0.40951168519625214,1.0,0.0
0.43594229638385495,0.42290328556597734,1.0,0.0
0.43594229638385495,0.43629488593570254,1.0,0.0
0.43594229638385495,0.44968648630542774,1.0,0.0
0.44933389675358015,0.15507127817147331,1.0,0.0
0.44933389675358015,0.1684628785411985,1.0,0.0
0.44933389675358015,0.1818544789109237,1.0,0.0
0.44933389675358015,0.1952460792806489,1.0,0.0
0.44933389675358015,0.20863767965037414,1.0,0.0
0.44933389675358015,0.22202928002009933,1.0,0.0
0.44933389675358015,0.23542088038982453,1.0,0.0
0.44933389675358015,0.24881248075954973,1.0,0.0
0.44933389675358015,0.26220408112927496,1.0,0.0
0.44933389675358015,0.27559568149900016,1.0,0.0
0.44933389675358015,0.28898728186872535,1.0,0.0
0.44933389675358015,0.30237888223845055,1.0,0.0
0.44933389675358015,0.31577048260817575,1.0,0.0
0.44933389675358015,0.32916208297790095,1.0,0.0
0.44933389675358015,0.34255368334762615,1.0,0.0
0.44933389675358015,0.35594528371735135,1.0,0.0
0.44933389675358015,0.36933688408707654,1.0,0.0
0.44933389675358015,0.38272848445680174,1.0,0.0
0.44933389675358015,0.39612008482652694,1.0,0.0
0.44933389675358015,0.40951168519625214,1.0,0.0
0.44933389675358015,0.42290328556597734,1.0,0.0
0.44933389675358015,0.43629488593570254,1.0,0.0
0.44933389675358015,0.44968648630542774,1.0,0.0
0.46272549712330535,0.11489647706229772,1.0,0.0
0.46272549712330535,0.12828807743202292,1.0,0.0
0.46272549712330535,0.15507127817147331,1.0,0.0
0.46272549712330535,0.1684628785411985,1.0,0.0
0.46272549712330535,0.1818544789109237,1.0,0.0
0.46272549712330535,0.1952460792806489,1.0,0.0
0.46272549712330535,0.20863767965037414,1.0,0.0
0.46272549712330535,0.22202928002009933,1.0,0.0
0.46272549712330535,0.23542088038982453,1.0,0.0
0.46272549712330535,0.24881248075954973,1.0,0.0
0.46272549712330535,0.26220408112927496,1.0,0.0
0.46272549712330535,0.27559568149900016,1.0,0.0
0.46272549712330535,0.28898728186872535,1.0,0.0
0.46272549712330535,0.30237888223845055,1.0,0.0
0.46272549712330535,0.31577048260817575,1.0,0.0
0.46272549712330535,0.32916208297790095,1.0,0.0
0.46272549712330535,0.34255368334762615,1.0,0.0
0.46272549712330535,0.35594528371735135,1.0,0.0
0.46272549712330535,0.36933688408707654,1.0,0.0
0.46272549712330535,0.38272848445680174,1.0,0.0
0.46272549712330535,0.39612008482652694,1.0,0.0
0.46272549712330535,0.40951168519625214,1.0,0.0
0.46272549712330535,0.42290328556597734,1.0,0.0
0.46272549712330535,0.43629488593570254,1.0,0.0
0.46272549712330535,0.44968648630542774,1.0,0.0
0.47611709749303055,0.0479384752136717,1.0,0.0
0.47611709749303055,0.10150487669257251,1.0,0.0
0.47611709749303055,0.11489647706229772,1.0,0.0
0.47611709749303055,0.12828807743202292,1.0,0.0
0.47611709749303055,0.14167967780174812,1.0,0.0
0.47611709749303055,0.15507127817147331,1.0,0.0
0.47611709749303055,0.1684628785411985,1.0,0.0
0.47611709749303055,0.1818544789109237,1.0,0.0
0.47611709749303055,0.1952460792806489,1.0,0.0
0.47611709749303055,0.20863767965037414,1.0,0.0
0.47611709749303055,0.22202928002009933,1.0,0.0
0.47611709749303055,0.23542088038982453,1.0,0.0
0.47611709749303055,0.24881248075954973,1.0,0.0
0.47611709749303055,0.26220408112927496,1.0,0.0
0.47611709749303055,0.27559568149900016,1.0,0.0
0.47611709749303055,0.28898728186872535,1.0,0.0
0.47611709749303055,0.30237888223845055,1.0,0.0
0.47611709749303055,0.31577048260817575,1.0,0.0
0.47611709749303055,0.32916208297790095,1.0,0.0
0.47611709749303055,0.34255368334762615,1.0,0.0
0.47611709749303055,0.35594528371735135,1.0,0.0
0.47611709749303055,0.36933688408707654,1.0,0.0
0.47611709749303055,0.38272848445680174,1.0,0.0
0.47611709749303055,0.39612008482652694,1.0,0.0
0.47611709749303055,0.40951168519625214,1.0,0.0
0.47611709749303055,0.42290328556597734,1.0,0.0
0.47611709749303055,0.43629488593570254,1.0,0.0
0.47611709749303055,0.44968648630542774,1.0,0.0
0.4895086978627558,0.0479384752136717,1.0,0.0
0.4895086978627558,0.061330075583396905,1.0,0.0
0.4895086978627558,0.07472167595312211,1.0,0.0
0.4895086978627558,0.08811327632284731,1.0,0.0
0.4895086978627558,0.10150487669257251,1.0,0.0
0.4895086978627558,0.11489647706229772,1.0,0.0
0.4895086978627558,0.12828807743202292,1.0,0.0
0.4895086978627558,0.14167967780174812,1.0,0.0
0.4895086978627558,0.15507127817147331,1.0,0.0
0.4895086978627558,0.1684628785411985,1.0,0.0
0.4895086978627558,0.1818544789109237,1.0,0.0
0.4895086978627558,0.1952460792806489,1.0,0.0
0.4895086978627558,0.20863767965037414,1.0,0.0
0.4895086978627558,0.22202928002009933,1.0,0.0
0.4895086978627558,0.23542088038982453,1.0,0.0
0.4895086978627558,0.24881248075954973,1.0,0.0
0.4895086978627558,0.26220408112927496,1.0,0.0
0.4895086978627558,0.27559568149900016,1.0,0.0
0.4895086978627558,0.28898728186872535,1.0,0.0
0.4895086978627558,0.30237888223845055,1.0,0.0
0.4895086978627558,0.31577048260817575,1.0,0.0
0.4895086978627558,0.32916208297790095,1.0,0.0
0.4895086978627558,0.34255368334762615,1.0,0.0
0.4895086978627558,0.35594528371735135,1.0,0.0
0.4895086978627558,0.36933688408707654,1.0,0.0
0.4895086978627558,0.38272848445680174,1.0,0.0
0.4895086978627558,0.39612008482652694,1.0,0.0
0.4895086978627558,0.40951168519625214,1.0,0.0
0.4895086978627558,0.42290328556597734,1.0,0.0
0.4895086978627558,0.43629488593570254,1.0,0.0
0.502900298232481,0.0479384752136717,1.0,0.0
0.502900298232481,0.061330075583396905,1.0,0.0
0.502900298232481,0.07472167595312211,1.0,0.0
0.502900298232481,0.08811327632284731,1.0,0.0
0.502900298232481,0.10150487669257251,1.0,0.0
0.502900298232481,0.11489647706229772,1.0,0.0
0.502900298232481,0.12828807743202292,1.0,0.0
0.502900298232481,0.14167967780174812,1.0,0.0
0.502900298232481,0.15507127817147331,1.0,0.0
0.502900298232481,0.1684628785411985,1.0,0.0
0.502900298232481,0.1818544789109237,1.0,0.0
0.502900298232481,0.1952460792806489,1.0,0.0
0.502900298232481,0.20863767965037414,1.0,0.0
0.502900298232481,0.22202928002009933,1.0,0.0
0.502900298232481,0.23542088038982453,1.0,0.0
0.502900298232481,0.24881248075954973,1.0,0.0
0.502900298232481,0.26220408112927496,1.0,0.0
0.502900298232481,0.27559568149900016,1.0,0.0
0.502900298232481,0.28898728186872535,1.0,0.0
0.502900298232481,0.30237888223845055,1.0,0.0
0.502900298232481,0.31577048260817575,1.0,0.0
0.502900298232481,0.32916208297790095,1.0,0.0
0.502900298232481,0.34255368334762615,1.0,0.0
0.502900298232481,0.35594528371735135,1.0,0.0
0.502900298232481,0.36933688408707654,1.0,0.0
0.502900298232481,0.38272848445680174,1.0,0.0
0.502900298232481,0.39612008482652694,1.0,0.0
0.502900298232481,0.40951168519625214,1.0,0.0
0.502900298232481,0.42290328556597734,1.0,0.0
0.502900298232481,0.43629488593570254,1.0,0.0
0.5162918986022061,0.0479384752136717,1.0,0.0
0.5162918986022061,0.061330075583396905,1.0,0.0
0.5162918986022061,0.07472167595312211,1.0,0.0
0.5162918986022061,0.08811327632284731,1.0,0.0
0.5162918986022061,0.10150487669257251,1.0,0.0
0.5162918986022061,0.11489647706229772,1.0,0.0
0.5162918986022061,0.12828807743202292,1.0,0.0
0.5162918986022061,0.14167967780174812,1.0,0.0
0.5162918986022061,0.15507127817147331,1.0,0.0
0.5162918986022061,0.1684628785411985,1.0,0.0
0.5162918986022061,0.1818544789109237,1.0,0.0
0.5162918986022061,0.1952460792806489,1.0,0.0
0.5162918986022061,0.20863767965037414,1.0,0.0
0.5162918986022061,0.22202928002009933,1.0,0.0
0.5162918986022061,0.23542088038982453,1.0,0.0
0.5162918986022061,0.24881248075954973,1.0,0.0
0.5162918986022061,0.26220408112927496,1.0,0.0
0.5162918986022061,0.27559568149900016,1.0,0.0
0.5162918986022061,0.28898728186872535,1.0,0.0
0.5162918986022061,0.30237888223845055,1.0,0.0
0.5162918986022061,0.31577048260817575,1.0,0.0
0.5162918986022061,0.32916208297790095,1.0,0.0
0.5162918986022061,0.34255368334762615,1.0,0.0
0.5162918986022061,0.35594528371735135,1.0,0.0
0.5162918986022061,0.36933688408707654,1.0,0.0
0.5162918986022061,0.38272848445680174,1.0,0.0
0.5162918986022061,0.39612008482652694,1.0,0.0
0.5162918986022061,0.40951168519625214,1.0,0.0
0.5162918986022061,0.42290328556597734,1.0,0.0
0.5162918986022061,0.43629488593570254,1.0,0.0
0.5162918986022061,0.44968648630542774,1.0,0.0
0.5296834989719315,0.0345468748439465,1.0,0.0
0.5296834989719315,0.0479384752136717,1.0,0.0
0.5296834989719315,0.061330075583396905,1.0,0.0
0.5296834989719315,0.07472167595312211,1.0,0.0
0.5296834989719315,0.08811327632284731,1.0,0.0
0.5296834989719315,0.10150487669257251,1.0,0.0
0.5296834989719315,0.11489647706229772,1.0,0.0
0.5296834989719315,0.12828807743202292,1.0,0.0
0.5296834989719315,0.14167967780174812,1.0,0.0
0.5296834989719315,0.15507127817147331,1.0,0.0
0.5296834989719315,0.1684628785411985,1.0,0.0
0.5296834989719315,0.1818544789109237,1.0,0.0
0.5296834989719315,0.1952460792806489,1.0,0.0
0.5296834989719315,0.20863767965037414,1.0,0.0
0.5296834989719315,0.22202928002009933,1.0,0.0
0.5296834989719315,0.23542088038982453,1.0,0.0
0.5296834989719315,0.24881248075954973,1.0,0.0
0.5296834989719315,0.26220408112927496,1.0,0.0
0.5296834989719315,0.27559568149900016,1.0,0.0
0.5296834989719315,0.28898728186872535,1.0,0.0
0.5296834989719315,0.30237888223845055,1.0,0.0
0.5296834989719315,0.31577048260817575,1.0,0.0
0.5296834989719315,0.32916208297790095,1.0,0.0
0.5296834989719315,0.34255368334762615,1.0,0.0
0.5296834989719315,0.35594528371735135,1.0,0.0
0.5296834989719315,0.36933688408707654,1.0,0.0
0.5296834989719315,0.38272848445680174,1.0,0.0
0.5296834989719315,0.39612008482652694,1.0,0.0
0.5296834989719315,0.40951168519625214,1.0,0.0
0.5296834989719315,0.42290328556597734,1.0,0.0
0.5296834989719315,0.43629488593570254,1.0,0.0
0.5430750993416567,0.0345468748439465,1.0,0.0
0.5430750993416567,0.0479384752136717,1.0,0.0
0.5430750993416567,0.061330075583396905,1.0,0.0
0.5430750993416567,0.07472167595312211,1.0,0.0
0.5430750993416567,0.08811327632284731,1.0,0.0
0.5430750993416567,0.10150487669257251,1.0,0.0
0.5430750993416567,0.11489647706229772,1.0,0.0
0.5430750993416567,0.12828807743202292,1.0,0.0
0.5430750993416567,0.14167967780174812,1.0,0.0
0.5430750993416567,0.15507127817147331,1.0,0.0
0.5430750993416567,0.1684628785411985,1.0,0.0
0.5430750993416567,0.1818544789109237,1.0,0.0
0.5430750993416567,0.1952460792806489,1.0,0.0
0.5430750993416567,0.20863767965037414,1.0,0.0
0.5430750993416567,0.22202928002009933,1.0,0.0
0.5430750993416567,0.23542088038982453,1.0,0.0
0.5430750993416567,0.24881248075954973,1.0,0.0
0.5430750993416567,0.26220408112927496,1.0,0.0
0.5430750993416567,0.27559568149900016,1.0,0.0
0.5430750993416567,0.28898728186872535,1.0,0.0
0.5430750993416567,0.30237888223845055,1.0,0.0
0.5430750993416567,0.31577048260817575,1.0,0.0
0.5430750993416567,0.32916208297790095,1.0,0.0
0.5430750993416567,0.34255368334762615,1.0,0.0
0.5430750993416567,0.35594528371735135,1.0,0.0
0.5430750993416567,0.36933688408707654,1.0,0.0
0.5430750993416567,0.38272848445680174,1.0,0.0
0.5430750993416567,0.39612008482652694,1.0,0.0
0.5430750993416567,0.40951168519625214,1.0,0.0
0.5430750993416567,0.42290328556597734,1.0,0.0
0.5430750993416567,0.43629488593570254,1.0,0.0
0.5430750993416567,0.44968648630542774,1.0,0.0
0.5564666997113819,0.0345468748439465,1.0,0.0
0.5564666997113819,0.0479384752136717,1.0,0.0
0.5564666997113819,0.061330075583396905,1.0,0.0
0.5564666997113819,0.07472167595312211,1.0,0.0
0.5564666997113819,0.08811327632284731,1.0,0.0
0.5564666997113819,0.10150487669257251,1.0,0.0
0.5564666997113819,0.11489647706229772,1.0,0.0
0.5564666997113819,0.12828807743202292,1.0,0.0
0.5564666997113819,0.14167967780174812,1.0,0.0
0.5564666997113819,0.15507127817147331,1.0,0.0
0.5564666997113819,0.1684628785411985,1.0,0.0
0.5564666997113819,0.1818544789109237,1.0,0.0
0.5564666997113819,0.1952460792806489,1.0,0.0
0.5564666997113819,0.20863767965037414,1.0,0.0
0.5564666997113819,0.22202928002009933,1.0,0.0
0.5564666997113819,0.23542088038982453,1.0,0.0
0.5564666997113819,0.24881248075954973,1.0,0.0
0.5564666997113819,0.26220408112927496,1.0,0.0
0.5564666997113819,0.27559568149900016,1.0,0.0
0.5564666997113819,0.28898728186872535,1.0,0.0
0.5564666997113819,0.30237888223845055,1.0,0.0
0.5564666997113819,0.31577048260817575,1.0,0.0
0.5564666997113819,0.32916208297790095,1.0,0.0
0.5564666997113819,0.34255368334762615,1.0,0.0
0.5564666997113819,0.35594528371735135,1.0,0.0
0.5564666997113819,0.36933688408707654,1.0,0.0
0.5564666997113819,0.38272848445680174,1.0,0.0
0.5564666997113819,0.39612008482652694,1.0,0.0
0.5564666997113819,0.40951168519625214,1.0,0.0
0.5564666997113819,0.42290328556597734,1.0,0.0
0.5564666997113819,0.43629488593570254,1.0,0.0
0.569858300081107,0.0345468748439465,1.0,0.0
0.569858300081107,0.0479384752136717,1.0,0.0
0.569858300081107,0.061330075583396905,1.0,0.0
0.569858300081107,0.07472167595312211,1.0,0.0
0.569858300081107,0.08811327632284731,1.0,0.0
0.569858300081107,0.10150487669257251,1.0,0.0
0.569858300081107,0.11489647706229772,1.0,0.0
0.569858300081107,0.12828807743202292,1.0,0.0
0.569858300081107,0.14167967780174812,1.0,0.0
0.569858300081107,0.15507127817147331,1.0,0.0
0.569858300081107,0.1684628785411985,1.0,0.0
0.569858300081107,0.1818544789109237,1.0,0.0
0.569858300081107,0.1952460792806489,1.0,0.0
0.569858300081107,0.20863767965037414,1.0,0.0
0.569858300081107,0.22202928002009933,1.0,0.0
0.569858300081107,0.23542088038982453,1.0,0.0
0.569858300081107,0.24881248075954973,1.0,0.0
0.569858300081107,0.26220408112927496,1.0,0.0
0.569858300081107,0.27559568149900016,1.0,0.0
0.569858300081107,0.28898728186872535,1.0,0.0
0.569858300081107,0.30237888223845055,1.0,0.0
0.569858300081107,0.31577048260817575,1.0,0.0
0.569858300081107,0.32916208297790095,1.0,0.0
0.569858300081107,0.34255368334762615,1.0,0.0
0.569858300081107,0.35594528371735135,1.0,0.0
0.569858300081107,0.36933688408707654,1.0,0.0
0.569858300081107,0.38272848445680174,1.0,0.0
0.569858300081107,0.39612008482652694,1.0,0.0
0.569858300081107,0.40951168519625214,1.0,0.0
0.569858300081107,0.42290328556597734,1.0,0.0
0.569858300081107,0.43629488593570254,1.0,0.0
0.569858300081107,0.44968648630542774,1.0,0.0
0.569858300081107,0.5568192892632293,1.0,0.0
0.569858300081107,0.5702108896329545,1.0,0.0
0.5832499004508322,0.0345468748439465,1.0,0.0
0.5832499004508322,0.0479384752136717,1.0,0.0
0.5832499004508322,0.061330075583396905,1.0,0.0
0.5832499004508322,0.07472167595312211,1.0,0.0
0.5832499004508322,0.08811327632284731,1.0,0.0
0.5832499004508322,0.10150487669257251,1.0,0.0
0.5832499004508322,0.11489647706229772,1.0,0.0
0.5832499004508322,0.12828807743202292,1.0,0.0
0.5832499004508322,0.14167967780174812,1.0,0.0
0.5832499004508322,0.15507127817147331,1.0,0.0
0.5832499004508322,0.1684628785411985,1.0,0.0
0.5832499004508322,0.1818544789109237,1.0,0.0
0.5832499004508322,0.1952460792806489,1.0,0.0
0.5832499004508322,0.20863767965037414,1.0,0.0
0.5832499004508322,0.22202928002009933,1.0,0.0
0.5832499004508322,0.23542088038982453,1.0,0.0
0.5832499004508322,0.24881248075954973,1.0,0.0
0.5832499004508322,0.26220408112927496,1.0,0.0
0.5832499004508322,0.27559568149900016,1.0,0.0
0.5832499004508322,0.28898728186872535,1.0,0.0
0.5832499004508322,0.30237888223845055,1.0,0.0
0.5832499004508322,0.31577048260817575,1.0,0.0
0.5832499004508322,0.32916208297790095,1.0,0.0
0.5832499004508322,0.34255368334762615,1.0,0.0
0.5832499004508322,0.35594528371735135,1.0,0.0
0.5832499004508322,0.36933688408707654,1.0,0.0
0.5832499004508322,0.38272848445680174,1.0,0.0
0.5832499004508322,0.39612008482652694,1.0,0.0
0.5832499004508322,0.40951168519625214,1.0,0.0
0.5832499004508322,0.42290328556597734,1.0,0.0
0.5832499004508322,0.43629488593570254,1.0,0.0
0.5832499004508322,0.44968648630542774,1.0,0.0
0.5832499004508322,0.5568192892632293,1.0,0.0
0.5832499004508322,0.5702108896329545,1.0,0.0
0.5832499004508322,0.5836024900026798,1.0,0.0
0.5966415008205574,0.0345468748439465,1.0,0.0
0.5966415008205574,0.0479384752136717,1.0,0.0
0.5966415008205574,0.061330075583396905,1.0,0.0
0.5966415008205574,0.07472167595312211,1.0,0.0
0.5966415008205574,0.08811327632284731,1.0,0.0
0.5966415008205574,0.10150487669257251,1.0,0.0
0.5966415008205574,0.11489647706229772,1.0,0.0
0.5966415008205574,0.12828807743202292,1.0,0.0
0.5966415008205574,0.14167967780174812,1.0,0.0
0.5966415008205574,0.15507127817147331,1.0,0.0
0.5966415008205574,0.1684628785411985,1.0,0.0
0.5966415008205574,0.1818544789109237,1.0,0.0
0.5966415008205574,0.1952460792806489,1.0,0.0
0.5966415008205574,0.20863767965037414,1.0,0.0
0.5966415008205574,0.22202928002009933,1.0,0.0
0.5966415008205574,0.23542088038982453,1.0,0.0
0.5966415008205574,0.24881248075954973,1.0,0.0
0.5966415008205574,0.26220408112927496,1.0,0.0
0.5966415008205574,0.27559568149900016,1.0,0.0
0.5966415008205574,0.28898728186872535,1.0,0.0
0.5966415008205574,0.30237888223845055,1.0,0.0
0.5966415008205574,0.31577048260817575,1.0,0.0
0.5966415008205574,0.32916208297790095,1.0,0.0
0.5966415008205574,0.34255368334762615,1.0,0.0
0.5966415008205574,0.35594528371735135,1.0,0.0
0.5966415008205574,0.36933688408707654,1.0,0.0
0.5966415008205574,0.38272848445680174,1.0,0.0
0.5966415008205574,0.39612008482652694,1.0,0.0
0.5966415008205574,0.40951168519625214,1.0,0.0
0.5966415008205574,0.42290328556597734,1.0,0.0
0.5966415008205574,0.43629488593570254,1.0,0.0
0.5966415008205574,0.44968648630542774,1.0,0.0
0.5966415008205574,0.46307808667515293,1.0,0.0
0.5966415008205574,0.5166444881540537,1.0,0.0
0.5966415008205574,0.5300360885237789,1.0,0.0
0.5966415008205574,0.5434276888935041,1.0,0.0
0.5966415008205574,0.5568192892632293,1.0,0.0
0.5966415008205574,0.5702108896329545,1.0,0.0
0.6100331011902826,0.0345468748439465,1.0,0.0
0.6100331011902826,0.0479384752136717,1.0,0.0
0.6100331011902826,0.061330075583396905,1.0,0.0
0.6100331011902826,0.07472167595312211,1.0,0.0
0.6100331011902826,0.08811327632284731,1.0,0.0
0.6100331011902826,0.10150487669257251,1.0,0.0
0.6100331011902826,0.11489647706229772,1.0,0.0
0.6100331011902826,0.12828807743202292,1.0,0.0
0.6100331011902826,0.14167967780174812,1.0,0.0
0.6100331011902826,0.15507127817147331,1.0,0.0
0.6100331011902826,0.1684628785411985,1.0,0.0
0.6100331011902826,0.1818544789109237,1.0,0.0
0.6100331011902826,0.1952460792806489,1.0,0.0
0.6100331011902826,0.20863767965037414,1.0,0.0
0.6100331011902826,0.22202928002009933,1.0,0.0
0.6100331011902826,0.23542088038982453,1.0,0.0
0.6100331011902826,0.24881248075954973,1.0,0.0
0.6100331011902826,0.26220408112927496,1.0,0.0
0.6100331011902826,0.27559568149900016,1.0,0.0
0.6100331011902826,0.28898728186872535,1.0,0.0
0.6100331011902826,0.30237888223845055,1.0,0.0
0.6100331011902826,0.31577048260817575,1.0,0.0
0.6100331011902826,0.32916208297790095,1.0,0.0
0.6100331011902826,0.34255368334762615,1.0,0.0
0.6100331011902826,0.35594528371735135,1.0,0.0
0.6100331011902826,0.36933688408707654,1.0,0.0
0.6100331011902826,0.38272848445680174,1.0,0.0
0.6100331011902826,0.39612008482652694,1.0,0.0
0.6100331011902826,0.40951168519625214,1.0,0.0
0.6100331011902826,0.42290328556597734,1.0,0.0
0.6100331011902826,0.43629488593570254,1.0,0.0
0.6100331011902826,0.44968648630542774,1.0,0.0
0.6100331011902826,0.46307808667515293,1.0,0.0
0.6100331011902826,0.5166444881540537,1.0,0.0
0.6100331011902826,0.5300360885237789,1.0,0.0
0.6100331011902826,0.5434276888935041,1.0,0.0
0.6100331011902826,0.5568192892632293,1.0,0.0
0.6100331011902826,0.5702108896329545,1.0,0.0
0.6100331011902826,0.5836024900026798,1.0,0.0
0.6234247015600078,0.0345468748439465,1.0,0.0
0.6234247015600078,0.0479384752136717,1.0,0.0
0.6234247015600078,0.061330075583396905,1.0,0.0
0.6234247015600078,0.07472167595312211,1.0,0.0
0.6234247015600078,0.08811327632284731,1.0,0.0
0.6234247015600078,0.10150487669257251,1.0,0.0
0.6234247015600078,0.11489647706229772,1.0,0.0
0.6234247015600078,0.12828807743202292,1.0,0.0
0.6234247015600078,0.14167967780174812,1.0,0.0
0.6234247015600078,0.15507127817147331,1.0,0.0
0.6234247015600078,0.1684628785411985,1.0,0.0
0.6234247015600078,0.1818544789109237,1.0,0.0
0.6234247015600078,0.1952460792806489,1.0,0.0
0.6234247015600078,0.20863767965037414,1.0,0.0
0.6234247015600078,0.22202928002009933,1.0,0.0
0.6234247015600078,0.23542088038982453,1.0,0.0
0.6234247015600078,0.24881248075954973,1.0,0.0
0.6234247015600078,0.26220408112927496,1.0,0.0
0.6234247015600078,0.27559568149900016,1.0,0.0
0.6234247015600078,0.28898728186872535,1.0,0.0
0.6234247015600078,0.31577048260817575,1.0,0.0
0.6234247015600078,0.32916208297790095,1.0,0.0
0.6234247015600078,0.34255368334762615,1.0,0.0
0.6234247015600078,0.35594528371735135,1.0,0.0
0.6234247015600078,0.36933688408707654,1.0,0.0
0.6234247015600078,0.38272848445680174,1.0,0.0
0.6234247015600078,0.39612008482652694,1.0,0.0
0.6234247015600078,0.40951168519625214,1.0,0.0
0.6234247015600078,0.42290328556597734,1.0,0.0
0.6234247015600078,0.43629488593570254,1.0,0.0
0.6234247015600078,0.44968648630542774,1.0,0.0
0.6234247015600078,0.46307808667515293,1.0,0.0
0.6234247015600078,0.4764696870448782,1.0,0.0
0.6234247015600078,0.5166444881540537,1.0,0.0
0.6234247015600078,0.5300360885237789,1.0,0.0
0.6234247015600078,0.5568192892632293,1.0,0.0
0.6234247015600078,0.5702108896329545,1.0,0.0
0.6234247015600078,0.5836024900026798,1.0,0.0
0.636816301929733,0.0479384752136717,1.0,0.0
0.636816301929733,0.07472167595312211,1.0,0.0
0.636816301929733,0.08811327632284731,1.0,0.0
0.636816301929733,0.10150487669257251,1.0,0.0
0.636816301929733,0.11489647706229772,1.0,0.0
0.636816301929733,0.12828807743202292,1.0,0.0
0.636816301929733,0.14167967780174812,1.0,0.0
0.636816301929733,0.15507127817147331,1.0,0.0
0.636816301929733,0.1684628785411985,1.0,0.0
0.636816301929733,0.1818544789109237,1.0,0.0
0.636816301929733,0.1952460792806489,1.0,0.0
0.636816301929733,0.20863767965037414,1.0,0.0
0.636816301929733,0.22202928002009933,1.0,0.0
0.636816301929733,0.23542088038982453,1.0,0.0
0.636816301929733,0.24881248075954973,1.0,0.0
0.636816301929733,0.26220408112927496,1.0,0.0
0.636816301929733,0.27559568149900016,1.0,0.0
0.636816301929733,0.28898728186872535,1.0,0.0
0.636816301929733,0.30237888223845055,1.0,0.0
0.636816301929733,0.32916208297790095,1.0,0.0
0.636816301929733,0.34255368334762615,1.0,0.0
0.636816301929733,0.35594528371735135,1.0,0.0
0.636816301929733,0.36933688408707654,1.0,0.0
0.636816301929733,0.38272848445680174,1.0,0.0
0.636816301929733,0.39612008482652694,1.0,0.0
0.636816301929733,0.40951168519625214,1.0,0.0
0.636816301929733,0.42290328556597734,1.0,0.0
0.636816301929733,0.43629488593570254,1.0,0.0
0.636816301929733,0.44968648630542774,1.0,0.0
0.636816301929733,0.46307808667515293,1.0,0.0
0.636816301929733,0.4764696870448782,1.0,0.0
0.636816301929733,0.5300360885237789,1.0,0.0
0.636816301929733,0.5568192892632293,1.0,0.0
0.636816301929733,0.5702108896329545,1.0,0.0
0.636816301929733,0.5836024900026798,1.0,0.0
0.6502079022994582,0.08811327632284731,1.0,0.0
0.6502079022994582,0.10150487669257251,1.0,0.0
0.6502079022994582,0.11489647706229772,1.0,0.0
0.6502079022994582,0.12828807743202292,1.0,0.0
0.6502079022994582,0.14167967780174812,1.0,0.0
0.6502079022994582,0.15507127817147331,1.0,0.0
0.6502079022994582,0.1684628785411985,1.0,0.0
0.6502079022994582,0.1818544789109237,1.0,0.0
0.6502079022994582,0.1952460792806489,1.0,0.0
0.6502079022994582,0.20863767965037414,1.0,0.0
0.6502079022994582,0.22202928002009933,1.0,0.0
0.6502079022994582,0.23542088038982453,1.0,0.0
0.6502079022994582,0.24881248075954973,1.0,0.0
0.6502079022994582,0.26220408112927496,1.0,0.0
0.6502079022994582,0.27559568149900016,1.0,0.0
0.6502079022994582,0.28898728186872535,1.0,0.0
0.6502079022994582,0.30237888223845055,1.0,0.0
0.6502079022994582,0.36933688408707654,1.0,0.0
0.6502079022994582,0.38272848445680174,1.0,0.0
0.6502079022994582,0.39612008482652694,1.0,0.0
0.6502079022994582,0.40951168519625214,1.0,0.0
0.6502079022994582,0.42290328556597734,1.0,0.0
0.6502079022994582,0.43629488593570254,1.0,0.0
0.6502079022994582,0.44968648630542774,1.0,0.0
0.6502079022994582,0.46307808667515293,1.0,0.0
0.6502079022994582,0.4764696870448782,1.0,0.0
0.6502079022994582,0.4898612874146034,1.0,0.0
0.6502079022994582,0.5032528877843285,1.0,0.0
0.6502079022994582,0.5568192892632293,1.0,0.0
0.6502079022994582,0.5702108896329545,1.0,0.0
0.6502079022994582,0.5836024900026798,1.0,0.0
0.6635995026691834,0.10150487669257251,1.0,0.0
0.6635995026691834,0.11489647706229772,1.0,0.0
0.6635995026691834,0.12828807743202292,1.0,0.0
0.6635995026691834,0.14167967780174812,1.0,0.0
0.6635995026691834,0.15507127817147331,1.0,0.0
0.6635995026691834,0.1684628785411985,1.0,0.0
0.6635995026691834,0.1818544789109237,1.0,0.0
0.6635995026691834,0.1952460792806489,1.0,0.0
0.6635995026691834,0.20863767965037414,1.0,0.0
0.6635995026691834,0.22202928002009933,1.0,0.0
0.6635995026691834,0.23542088038982453,1.0,0.0
0.6635995026691834,0.24881248075954973,1.0,0.0
0.6635995026691834,0.26220408112927496,1.0,0.0
0.6635995026691834,0.27559568149900016,1.0,0.0
0.6635995026691834,0.28898728186872535,1.0,0.0
0.6635995026691834,0.38272848445680174,1.0,0.0
0.6635995026691834,0.39612008482652694,1.0,0.0
0.6635995026691834,0.40951168519625214,1.0,0.0
0.6635995026691834,0.42290328556597734,1.0,0.0
0.6635995026691834,0.43629488593570254,1.0,0.0
0.6635995026691834,0.44968648630542774,1.0,0.0
0.6635995026691834,0.46307808667515293,1.0,0.0
0.6635995026691834,0.4764696870448782,1.0,0.0
0.6635995026691834,0.4898612874146034,1.0,0.0
0.6635995026691834,0.5032528877843285,1.0,0.0
0.6635995026691834,0.5166444881540537,1.0,0.0
0.6635995026691834,0.5300360885237789,1.0,0.0
0.6635995026691834,0.5568192892632293,1.0,0.0
0.6635995026691834,0.5702108896329545,1.0,0.0
0.6635995026691834,0.5836024900026798,1.0,0.0
0.6769911030389086,0.11489647706229772,1.0,0.0
0.6769911030389086,0.12828807743202292,1.0,0.0
0.6769911030389086,0.14167967780174812,1.0,0.0
0.6769911030389086,0.15507127817147331,1.0,0.0
0.6769911030389086,0.1684628785411985,1.0,0.0
0.6769911030389086,0.1818544789109237,1.0,0.0
0.6769911030389086,0.1952460792806489,1.0,0.0
0.6769911030389086,0.20863767965037414,1.0,0.0
0.6769911030389086,0.22202928002009933,1.0,0.0
0.6769911030389086,0.23542088038982453,1.0,0.0
0.6769911030389086,0.24881248075954973,1.0,0.0
0.6769911030389086,0.26220408112927496,1.0,0.0
0.6769911030389086,0.27559568149900016,1.0,0.0
0.6769911030389086,0.42290328556597734,1.0,0.0
0.6769911030389086,0.43629488593570254,1.0,0.0
0.6769911030389086,0.44968648630542774,1.0,0.0
0.6769911030389086,0.46307808667515293,1.0,0.0
0.6769911030389086,0.4764696870448782,1.0,0.0
0.6769911030389086,0.4898612874146034,1.0,0.0
0.6769911030389086,0.5032528877843285,1.0,0.0
0.6769911030389086,0.5166444881540537,1.0,0.0
0.6769911030389086,0.5300360885237789,1.0,0.0
0.6769911030389086,0.5434276888935041,1.0,0.0
0.6769911030389086,0.5568192892632293,1.0,0.0
0.6769911030389086,0.5702108896329545,1.0,0.0
0.6769911030389086,0.5836024900026798,1.0,0.0
0.6903827034086338,0.11489647706229772,1.0,0.0
0.6903827034086338,0.12828807743202292,1.0,0.0
0.6903827034086338,0.14167967780174812,1.0,0.0
0.6903827034086338,0.15507127817147331,1.0,0.0
0.6903827034086338,0.1684628785411985,1.0,0.0
0.6903827034086338,0.1818544789109237,1.0,0.0
0.6903827034086338,0.1952460792806489,1.0,0.0
0.6903827034086338,0.20863767965037414,1.0,0.0
0.6903827034086338,0.22202928002009933,1.0,0.0
0.6903827034086338,0.23542088038982453,1.0,0.0
0.6903827034086338,0.24881248075954973,1.0,0.0
0.6903827034086338,0.26220408112927496,1.0,0.0
0.6903827034086338,0.43629488593570254,1.0,0.0
0.6903827034086338,0.44968648630542774,1.0,0.0
0.6903827034086338,0.46307808667515293,1.0,0.0
0.6903827034086338,0.4764696870448782,1.0,0.0
0.6903827034086338,0.4898612874146034,1.0,0.0
0.6903827034086338,0.5032528877843285,1.0,0.0
0.6903827034086338,0.5166444881540537,1.0,0.0
0.6903827034086338,0.5300360885237789,1.0,0.0
0.6903827034086338,0.5434276888935041,1.0,0.0
0.6903827034086338,0.5568192892632293,1.0,0.0
0.6903827034086338,0.5702108896329545,1.0,0.0
0.6903827034086338,0.5836024900026798,1.0,0.0
0.703774303778359,0.12828807743202292,1.0,0.0
0.703774303778359,0.14167967780174812,1.0,0.0
0.703774303778359,0.15507127817147331,1.0,0.0
0.703774303778359,0.1684628785411985,1.0,0.0
0.703774303778359,0.1818544789109237,1.0,0.0
0.703774303778359,0.1952460792806489,1.0,0.0
0.703774303778359,0.20863767965037414,1.0,0.0
0.703774303778359,0.22202928002009933,1.0,0.0
0.703774303778359,0.23542088038982453,1.0,0.0
0.703774303778359,0.24881248075954973,1.0,0.0
0.703774303778359,0.43629488593570254,1.0,0.0
0.703774303778359,0.44968648630542774,1.0,0.0
0.703774303778359,0.46307808667515293,1.0,0.0
0.703774303778359,0.4764696870448782,1.0,0.0
0.703774303778359,0.4898612874146034,1.0,0.0
0.703774303778359,0.5032528877843285,1.0,0.0
0.703774303778359,0.5166444881540537,1.0,0.0
0.703774303778359,0.5300360885237789,1.0,0.0
0.703774303778359,0.5434276888935041,1.0,0.0
0.703774303778359,0.5568192892632293,1.0,0.0
0.703774303778359,0.5702108896329545,1.0,0.0
0.703774303778359,0.5836024900026798,1.0,0.0
0.703774303778359,0.596994090372405,1.0,0.0
0.7171659041480842,0.12828807743202292,1.0,0.0
0.7171659041480842,0.14167967780174812,1.0,0.0
0.7171659041480842,0.15507127817147331,1.0,0.0
0.7171659041480842,0.1684628785411985,1.0,0.0
0.7171659041480842,0.1818544789109237,1.0,0.0
0.7171659041480842,0.1952460792806489,1.0,0.0
0.7171659041480842,0.20863767965037414,1.0,0.0
0.7171659041480842,0.22202928002009933,1.0,0.0
0.7171659041480842,0.23542088038982453,1.0,0.0
0.7171659041480842,0.24881248075954973,1.0,0.0
0.7171659041480842,0.44968648630542774,1.0,0.0
0.7171659041480842,0.46307808667515293,1.0,0.0
0.7171659041480842,0.4764696870448782,1.0,0.0
0.7171659041480842,0.4898612874146034,1.0,0.0
0.7171659041480842,0.5032528877843285,1.0,0.0
0.7171659041480842,0.5166444881540537,1.0,0.0
0.7171659041480842,0.5300360885237789,1.0,0.0
0.7171659041480842,0.5434276888935041,1.0,0.0
0.7171659041480842,0.5568192892632293,1.0,0.0
0.7171659041480842,0.5702108896329545,1.0,0.0
0.7171659041480842,0.5836024900026798,1.0,0.0
0.7171659041480842,0.596994090372405,1.0,0.0
0.7305575045178094,0.12828807743202292,1.0,0.0
0.7305575045178094,0.14167967780174812,1.0,0.0
0.7305575045178094,0.15507127817147331,1.0,0.0
0.7305575045178094,0.1684628785411985,1.0,0.0
0.7305575045178094,0.1818544789109237,1.0,0.0
0.7305575045178094,0.1952460792806489,1.0,0.0
0.7305575045178094,0.20863767965037414,1.0,0.0
0.7305575045178094,0.22202928002009933,1.0,0.0
0.7305575045178094,0.23542088038982453,1.0,0.0
0.7305575045178094,0.44968648630542774,1.0,0.0
0.7305575045178094,0.46307808667515293,1.0,0.0
0.7305575045178094,0.4764696870448782,1.0,0.0
0.7305575045178094,0.4898612874146034,1.0,0.0
0.7305575045178094,0.5032528877843285,1.0,0.0
0.7305575045178094,0.5166444881540537,1.0,0.0
0.7305575045178094,0.5300360885237789,1.0,0.0
0.7305575045178094,0.5434276888935041,1.0,0.0
0.7305575045178094,0.5568192892632293,1.0,0.0
0.7305575045178094,0.5702108896329545,1.0,0.0
0.7305575045178094,0.5836024900026798,1.0,0.0
0.7305575045178094,0.596994090372405,1.0,0.0
0.7439491048875346,0.14167967780174812,1.0,0.0
0.7439491048875346,0.15507127817147331,1.0,0.0
0.7439491048875346,0.1684628785411985,1.0,0.0
0.7439491048875346,0.1818544789109237,1.0,0.0
0.7439491048875346,0.1952460792806489,1.0,0.0
0.7439491048875346,0.20863767965037414,1.0,0.0
0.7439491048875346,0.22202928002009933,1.0,0.0
0.7439491048875346,0.23542088038982453,1.0,0.0
0.7439491048875346,0.4898612874146034,1.0,0.0
0.7439491048875346,0.5032528877843285,1.0,0.0
0.7439491048875346,0.5166444881540537,1.0,0.0
0.7439491048875346,0.5300360885237789,1.0,0.0
0.7439491048875346,0.5434276888935041,1.0,0.0
0.7439491048875346,0.5568192892632293,1.0,0.0
0.7439491048875346,0.5702108896329545,1.0,0.0
0.7439491048875346,0.5836024900026798,1.0,0.0
0.7439491048875346,0.596994090372405,1.0,0.0
0.7573407052572599,0.15507127817147331,1.0,0.0
0.7573407052572599,0.1684628785411985,1.0,0.0
0.7573407052572599,0.1818544789109237,1.0,0.0
0.7573407052572599,0.1952460792806489,1.0,0.0
0.7573407052572599,0.5032528877843285,1.0,0.0
0.7573407052572599,0.5166444881540537,1.0,0.0
0.7573407052572599,0.5300360885237789,1.0,0.0
0.7573407052572599,0.5434276888935041,1.0,0.0
0.7573407052572599,0.5568192892632293,1.0,0.0
0.7573407052572599,0.5702108896329545,1.0,0.0
0.7573407052572599,0.5836024900026798,1.0,0.0
0.7573407052572599,0.596994090372405,1.0,0.0
0.7573407052572599,0.6103856907421302,1.0,0.0
0.7707323056269851,0.5166444881540537,1.0,0.0
0.7707323056269851,0.5300360885237789,1.0,0.0
0.7707323056269851,0.5434276888935041,1.0,0.0
0.7707323056269851,0.5568192892632293,1.0,0.0
0.7707323056269851,0.5702108896329545,1.0,0.0
0.7707323056269851,0.5836024900026798,1.0,0.0
0.7707323056269851,0.596994090372405,1.0,0.0
0.7707323056269851,0.6103856907421302,1.0,0.0
0.7841239059967103,0.5032528877843285,1.0,0.0
0.7841239059967103,0.5166444881540537,1.0,0.0
0.7841239059967103,0.5300360885237789,1.0,0.0
0.7841239059967103,0.5434276888935041,1.0,0.0
0.7841239059967103,0.5568192892632293,1.0,0.0
0.7841239059967103,0.5702108896329545,1.0,0.0
0.7841239059967103,0.5836024900026798,1.0,0.0
0.7841239059967103,0.596994090372405,1.0,0.0
0.7841239059967103,0.6103856907421302,1.0,0.0
0.7841239059967103,0.6237772911118554,1.0,0.0
0.7975155063664355,0.5032528877843285,1.0,0.0
0.7975155063664355,0.5166444881540537,1.0,0.0
0.7975155063664355,0.5300360885237789,1.0,0.0
0.7975155063664355,0.5434276888935041,1.0,0.0
0.7975155063664355,0.5568192892632293,1.0,0.0
0.7975155063664355,0.5702108896329545,1.0,0.0
0.7975155063664355,0.5836024900026798,1.0,0.0
0.7975155063664355,0.596994090372405,1.0,0.0
0.7975155063664355,0.6103856907421302,1.0,0.0
0.7975155063664355,0.6237772911118554,1.0,0.0
0.8109071067361607,0.4898612874146034,1.0,0.0
0.8109071067361607,0.5032528877843285,1.0,0.0
0.8109071067361607,0.5166444881540537,1.0,0.0
0.8109071067361607,0.5300360885237789,1.0,0.0
0.8109071067361607,0.5434276888935041,1.0,0.0
0.8109071067361607,0.5568192892632293,1.0,0.0
0.8109071067361607,0.5702108896329545,1.0,0.0
0.8109071067361607,0.5836024900026798,1.0,0.0
0.8109071067361607,0.596994090372405,1.0,0.0
0.8109071067361607,0.6103856907421302,1.0,0.0
0.8109071067361607,0.6237772911118554,1.0,0.0
0.8109071067361607,0.6371688914815806,1.0,0.0
0.8242987071058859,0.5166444881540537,1.0,0.0
0.8242987071058859,0.5300360885237789,1.0,0.0
0.8242987071058859,0.5434276888935041,1.0,0.0
0.8242987071058859,0.5568192892632293,1.0,0.0
0.8242987071058859,0.5702108896329545,1.0,0.0
0.8242987071058859,0.5836024900026798,1.0,0.0
0.8242987071058859,0.596994090372405,1.0,0.0
0.8242987071058859,0.6103856907421302,1.0,0.0
0.8242987071058859,0.6237772911118554,1.0,0.0
0.8242987071058859,0.6371688914815806,1.0,0.0
0.8376903074756111,0.5166444881540537,1.0,0.0
0.8376903074756111,0.5300360885237789,1.0,0.0
0.8376903074756111,0.5434276888935041,1.0,0.0
0.8376903074756111,0.5568192892632293,1.0,0.0
0.8376903074756111,0.5702108896329545,1.0,0.0
0.8376903074756111,0.5836024900026798,1.0,0.0
0.8376903074756111,0.596994090372405,1.0,0.0
0.8376903074756111,0.6103856907421302,1.0,0.0
0.8376903074756111,0.6237772911118554,1.0,0.0
0.8376903074756111,0.6371688914815806,1.0,0.0
0.8510819078453363,0.5300360885237789,1.0,0.0
0.8510819078453363,0.5434276888935041,1.0,0.0
0.8510819078453363,0.5568192892632293,1.0,0.0
0.8510819078453363,0.5702108896329545,1.0,0.0
0.8510819078453363,0.5836024900026798,1.0,0.0
0.8510819078453363,0.596994090372405,1.0,0.0
0.8510819078453363,0.6103856907421302,1.0,0.0
0.8510819078453363,0.6237772911118554,1.0,0.0
0.8510819078453363,0.6371688914815806,1.0,0.0
0.8644735082150615,0.5300360885237789,1.0,0.0
0.8644735082150615,0.5434276888935041,1.0,0.0
0.8644735082150615,0.5568192892632293,1.0,0.0
0.8644735082150615,0.5702108896329545,1.0,0.0
0.8644735082150615,0.5836024900026798,1.0,0.0
0.8644735082150615,0.596994090372405,1.0,0.0
0.8644735082150615,0.6103856907421302,1.0,0.0
0.8644735082150615,0.6237772911118554,1.0,0.0
0.8644735082150615,0.6371688914815806,1.0,0.0
0.8778651085847867,0.5300360885237789,1.0,0.0
0.8778651085847867,0.5434276888935041,1.0,0.0
0.8778651085847867,0.5568192892632293,1.0,0.0
0.8778651085847867,0.5702108896329545,1.0,0.0
0.8778651085847867,0.5836024900026798,1.0,0.0
0.8778651085847867,0.596994090372405,1.0,0.0
0.8778651085847867,0.6103856907421302,1.0,0.0
0.8778651085847867,0.6237772911118554,1.0,0.0
0.8778651085847867,0.6371688914815806,1.0,0.0
0.8912567089545119,0.5434276888935041,1.0,0.0
0.8912567089545119,0.5568192892632293,1.0,0.0
0.8912567089545119,0.5702108896329545,1.0,0.0
0.8912567089545119,0.5836024900026798,1.0,0.0
0.8912567089545119,0.596994090372405,1.0,0.0
0.8912567089545119,0.6103856907421302,1.0,0.0
0.8912567089545119,0.6237772911118554,1.0,0.0
0.9046483093242371,0.5568192892632293,1.0,0.0
0.9046483093242371,0.5702108896329545,1.0,0.0
0.9046483093242371,0.5836024900026798,1.0,0.0
0.9046483093242371,0.596994090372405,1.0,0.0
0.9046483093242371,0.6103856907421302,1.0,0.0
0.9046483093242371,0.6237772911118554,1.0,0.0
0.9180399096939623,0.5702108896329545,1.0,0.0
0.9180399096939623,0.5836024900026798,1.0,0.0
0.9180399096939623,0.596994090372405,1.0,0.0
0.9180399096939623,0.6103856907421302,1.0,0.0
0.9180399096939623,0.6237772911118554,1.0,0.0
0.9314315100636875,0.5702108896329545,1.0,0.0
0.9314315100636875,0.5836024900026798,1.0,0.0
0.9314315100636875,0.596994090372405,1.0,0.0
0.9314315100636875,0.6103856907421302,1.0,0.0
0.9314315100636875,0.6237772911118554,1.0,0.0
0.9448231104334127,0.5702108896329545,1.0,0.0
0.9448231104334127,0.5836024900026798,1.0,0.0
0.9448231104334127,0.596994090372405,1.0,0.0
0.9448231104334127,0.6103856907421302,1.0,0.0
0.958214710803138,0.5836024900026798,1.0,0.0
0.958214710803138,0.596994090372405,1.0,0.0
0.958214710803138,0.6103856907421302,1.0,0.0
0.9716063111728632,0.5836024900026798,1.0,0.0
0.9716063111728632,0.596994090372405,1.0,0.0
