x,y,region
0.45947426067908,0.24041621029572835,1
0.45728368017524645,0.23822562979189482,1
0.45673603504928806,0.23822562979189482,1
0.45618838992332966,0.23767798466593645,1
0.45454545454545453,0.23767798466593645,1
0.4539978094194962,0.23822562979189482,1
0.45125958378970427,0.23822562979189482,1
0.45071193866374587,0.23767798466593645,1
0.45016429353778753,0.23767798466593645,1
0.44961664841182913,0.23713033953997806,1
0.4485213581599124,0.23713033953997806,1
0.447973713033954,0.2365826944140197,1
0.4474260679079956,0.2365826944140197,1
0.44687842278203727,0.2360350492880613,1
0.44633077765607887,0.2360350492880613,1
0.4457831325301205,0.23548740416210295,1
0.4452354874041621,0.23548740416210295,1
0.44468784227820374,0.23493975903614459,1
0.44359255202628695,0.23493975903614459,1
0.4430449069003286,0.2343921139101862,1
0.4424972617743702,0.2343921139101862,1
0.4419496166484118,0.23384446878422782,1
0.4414019715224535,0.23384446878422782,1
0.4408543263964951,0.23329682365826943,1
0.4403066812705367,0.23329682365826943,1
0.4397590361445783,0.23274917853231106,1
0.43866374589266155,0.23274917853231106,1
0.43811610076670315,0.2322015334063527,1
0.4375684556407448,0.2322015334063527,1
0.4370208105147864,0.2316538882803943,1
0.436473165388828,0.2316538882803943,1
0.43428258488499455,0.22946330777656077,1
0.43428258488499455,0.2289156626506024,1
0.43099671412924423,0.2256297918948521,1
0.43099671412924423,0.22398685651697697,1
0.4304490690032859,0.22343921139101858,1
0.4304490690032859,0.2217962760131435,1
0.4299014238773275,0.2212486308871851,1
0.4299014238773275,0.21960569550930997,1
0.4293537787513691,0.21905805038335158,1
0.4293537787513691,0.21741511500547644,1
0.42880613362541076,0.21686746987951808,1
0.42880613362541076,0.21631982475355968,1
0.42771084337349397,0.21522453450164292,1
0.42716319824753557,0.21522453450164292,1
0.42661555312157723,0.21467688937568455,1
0.42552026286966044,0.21467688937568455,1
0.4249726177437021,0.21412924424972618,1
0.42332968236582696,0.21412924424972618,1
0.42278203723986857,0.21358159912376778,1
0.4184008762322015,0.21358159912376778,1
0.4178532311062432,0.2130339539978094,1
0.4140197152245345,0.2130339539978094,1
0.4134720700985761,0.21248630887185102,1
0.4090909090909091,0.21248630887185102,1
0.4085432639649507,0.21193866374589265,1
0.40306681270536693,0.21193866374589265,1
0.40251916757940853,0.21248630887185102,1
0.4019715224534502,0.21248630887185102,1
0.4014238773274918,0.2130339539978094,1
0.4008762322015334,0.2130339539978094,1
0.39978094194961666,0.21412924424972618,1
0.39923329682365827,0.21412924424972618,1
0.39813800657174153,0.21522453450164292,1
0.39813800657174153,0.21577217962760128,1
0.39759036144578314,0.21631982475355968,1
0.39704271631982474,0.21631982475355968,1
0.395947426067908,0.21741511500547644,1
0.3953997809419496,0.21741511500547644,1
0.3948521358159912,0.2179627601314348,1
0.3893756845564075,0.2179627601314348,1
0.3888280394304491,0.21851040525739318,1
0.3828039430449069,0.21851040525739318,1
0.3822562979189485,0.2179627601314348,1
0.38116100766703176,0.2179627601314348,1
0.38061336254107336,0.21741511500547644,1
0.3795180722891566,0.21741511500547644,1
0.37897042716319823,0.21686746987951808,1
0.3778751369112815,0.21686746987951808,1
0.3773274917853231,0.21631982475355968,1
0.37623220153340636,0.21631982475355968,1
0.37568455640744797,0.21577217962760128,1
0.37513691128148957,0.21577217962760128,1
0.37458926615553123,0.21522453450164292,1
0.37349397590361444,0.21522453450164292,1
0.3729463307776561,0.21467688937568455,1
0.3718510405257393,0.21467688937568455,1
0.37130339539978097,0.21412924424972618,1
0.3702081051478642,0.21412924424972618,1
0.3696604600219058,0.21358159912376778,1
0.36856516976998904,0.21358159912376778,1
0.36801752464403065,0.2130339539978094,1
0.3669222343921139,0.2130339539978094,1
0.3658269441401972,0.21193866374589265,1
0.3652792990142388,0.21193866374589265,1
0.36363636363636365,0.2102957283680175,1
0.36308871851040525,0.2102957283680175,1
0.3608981380065717,0.20810514786418396,1
0.3603504928806134,0.20810514786418396,1
0.359802847754655,0.2075575027382256,1
0.359802847754655,0.20700985761226726,1
0.3592552026286966,0.2064622124863089,1
0.3592552026286966,0.2053669222343921,1
0.35870755750273825,0.20481927710843373,1
0.35870755750273825,0.20427163198247536,1
0.35815991237677985,0.20372398685651696,1
0.35761226725082146,0.20372398685651696,1
0.35706462212486306,0.20317634173055857,1
0.3559693318729463,0.20317634173055857,1
0.35542168674698793,0.20372398685651696,1
0.3548740416210296,0.20372398685651696,1
0.3543263964950712,0.20427163198247536,1
0.35323110624315446,0.20427163198247536,1
0.35268346111719606,0.20481927710843373,1
0.35213581599123767,0.20481927710843373,1
0.3515881708652793,0.20427163198247536,1
0.35104052573932093,0.20427163198247536,1
0.35049288061336253,0.20372398685651696,1
0.34994523548740414,0.20372398685651696,1
0.3493975903614458,0.20427163198247536,1
0.3488499452354874,0.20427163198247536,1
0.34775465498357067,0.2053669222343921,1
0.34720700985761227,0.2053669222343921,1
0.34556407447973714,0.20700985761226726,1
0.34501642935377874,0.20700985761226726,1
0.343921139101862,0.20810514786418396,1
0.3428258488499452,0.20810514786418396,1
0.3417305585980285,0.20700985761226726,1
0.3411829134720701,0.20700985761226726,1
0.34063526834611174,0.2064622124863089,1
0.34008762322015335,0.2064622124863089,1
0.3389923329682366,0.2053669222343921,1
0.3384446878422782,0.2053669222343921,1
0.3378970427163198,0.20481927710843373,1
0.3373493975903614,0.20481927710843373,1
0.3368017524644031,0.20427163198247536,1
0.3362541073384447,0.20427163198247536,1
0.33515881708652795,0.20317634173055857,1
0.33461117196056955,0.20317634173055857,1
0.33406352683461116,0.2026286966046002,1
0.3335158817086528,0.2026286966046002,1
0.3329682365826944,0.20208105147864183,1
0.332420591456736,0.20208105147864183,1
0.33187294633077763,0.20153340635268346,1
0.3313253012048193,0.20153340635268346,1
0.3307776560788609,0.20098576122672507,1
0.32858707557502737,0.20098576122672507,1
0.328039430449069,0.20153340635268346,1
0.3263964950711939,0.20153340635268346,1
0.3258488499452355,0.20208105147864183,1
0.32256297918948523,0.20208105147864183,1
0.3209200438116101,0.20043811610076667,1
0.3203723986856517,0.20043811610076667,1
0.3198247535596933,0.1998904709748083,1
0.3192771084337349,0.20043811610076667,1
0.3148959474260679,0.20043811610076667,1
0.3143483023001095,0.20098576122672507,1
0.3127053669222344,0.20098576122672507,1
0.312157721796276,0.20043811610076667,1
0.31106243154435925,0.20043811610076667,1
0.31051478641840086,0.1998904709748083,1
0.3094194961664841,0.1998904709748083,1
0.3088718510405257,0.19934282584884994,1
0.307776560788609,0.19934282584884994,1
0.3072289156626506,0.19879518072289157,1
0.30613362541073386,0.19879518072289157,1
0.30558598028477546,0.19824753559693317,1
0.3044906900328587,0.19824753559693317,1
0.30394304490690033,0.19769989047097478,1
0.30339539978094193,0.19769989047097478,1
0.3028477546549836,0.19824753559693317,1
0.3023001095290252,0.19824753559693317,1
0.3017524644030668,0.19879518072289157,1
0.30120481927710846,0.19879518072289157,1
0.30065717415115006,0.19934282584884994,1
0.30010952902519167,0.19934282584884994,1
0.29956188389923327,0.1998904709748083,1
0.29901423877327493,0.1998904709748083,1
0.29846659364731654,0.20043811610076667,1
0.29572836801752467,0.20043811610076667,1
0.29518072289156627,0.20098576122672507,1
0.25629791894852133,0.20098576122672507,1
0.255750273822563,0.20153340635268346,1
0.2552026286966046,0.20153340635268346,1
0.25301204819277107,0.20372398685651696,1
0.2524644030668127,0.20372398685651696,1
0.24917853231106243,0.20700985761226726,1
0.24863088718510407,0.20700985761226726,1
0.24534501642935377,0.2102957283680175,1
0.2447973713033954,0.2102957283680175,1
0.24315443592552027,0.21193866374589265,1
0.23822562979189485,0.21193866374589265,1
0.23767798466593648,0.21248630887185102,1
0.23548740416210295,0.21248630887185102,1
0.23493975903614459,0.21193866374589265,1
0.2343921139101862,0.21193866374589265,1
0.23384446878422782,0.21139101861993426,1
0.23329682365826945,0.21139101861993426,1
0.23274917853231106,0.21084337349397586,1
0.2322015334063527,0.21084337349397586,1
0.2316538882803943,0.2102957283680175,1
0.23055859802847756,0.2102957283680175,1
0.23001095290251916,0.20974808324205912,1
0.2294633077765608,0.20974808324205912,1
0.2289156626506024,0.20920043811610076,1
0.22836801752464403,0.20920043811610076,1
0.22782037239868566,0.20865279299014236,1
0.22727272727272727,0.20865279299014236,1
0.2267250821467689,0.20810514786418396,1
0.22562979189485213,0.20810514786418396,1
0.22508214676889376,0.2075575027382256,1
0.22453450164293537,0.2075575027382256,1
0.223986856516977,0.20700985761226726,1
0.22343921139101863,0.20700985761226726,1
0.21960569550930997,0.20317634173055857,1
0.21905805038335158,0.20317634173055857,1
0.2185104052573932,0.2026286966046002,1
0.21248630887185105,0.2026286966046002,1
0.21193866374589265,0.20208105147864183,1
0.21139101861993428,0.20208105147864183,1
0.21084337349397592,0.20153340635268346,1
0.20974808324205915,0.20153340635268346,1
0.20920043811610076,0.20098576122672507,1
0.2086527929901424,0.20098576122672507,1
0.20810514786418402,0.20043811610076667,1
0.20755750273822562,0.20043811610076667,1
0.20700985761226726,0.1998904709748083,1
0.2059145673603505,0.1998904709748083,1
0.20536692223439212,0.19934282584884994,1
0.20481927710843373,0.19934282584884994,1
0.20427163198247536,0.19879518072289157,1
0.20372398685651696,0.19879518072289157,1
0.2031763417305586,0.19824753559693317,1
0.20208105147864183,0.19824753559693317,1
0.20153340635268346,0.19769989047097478,1
0.2009857612267251,0.19769989047097478,1
0.2004381161007667,0.1971522453450164,1
0.19934282584884994,0.1971522453450164,1
0.19879518072289157,0.19660460021905804,1
0.1982475355969332,0.19660460021905804,1
0.19605695509309967,0.1944140197152245,1
0.1955093099671413,0.1944140197152245,1
0.19331872946330778,0.19222343921139098,1
0.1927710843373494,0.19222343921139098,1
0.19112814895947425,0.19058050383351588,1
0.19112814895947425,0.1872946330777656,1
0.19058050383351588,0.18674698795180722,1
0.19058050383351588,0.18619934282584885,1
0.19112814895947425,0.18565169769989046,1
0.19112814895947425,0.18510405257393206,1
0.1927710843373494,0.18346111719605696,1
0.1927710843373494,0.18017524644030664,1
0.192223439211391,0.17962760131434827,1
0.192223439211391,0.1790799561883899,1
0.19112814895947425,0.17798466593647316,1
0.19058050383351588,0.17798466593647316,1
0.1900328587075575,0.17743702081051474,1
0.18893756845564075,0.17743702081051474,1
0.18838992332968238,0.1768893756845564,1
0.18784227820372398,0.1768893756845564,1
0.18784227820372398,0.17469879518072287,1
0.18674698795180722,0.17360350492880613,1
0.18619934282584885,0.17360350492880613,1
0.18565169769989048,0.17305585980284774,1
0.1851040525739321,0.17305585980284774,1
0.18455640744797372,0.17250821467688937,1
0.18346111719605696,0.17250821467688937,1
0.1829134720700986,0.17196056955093098,1
0.1823658269441402,0.17196056955093098,1
0.18181818181818182,0.1714129244249726,1
0.18072289156626506,0.1714129244249726,1
0.1801752464403067,0.17086527929901424,1
0.1796276013143483,0.17086527929901424,1
0.17907995618838993,0.17031763417305584,1
0.17853231106243153,0.17031763417305584,1
0.1768893756845564,0.1686746987951807,1
0.1768893756845564,0.16812705366922234,1
0.17579408543263966,0.16703176341730555,1
0.17579408543263966,0.16648411829134718,1
0.17360350492880613,0.16429353778751365,1
0.17305585980284777,0.16429353778751365,1
0.17250821467688937,0.16374589266155531,1
0.17031763417305587,0.16374589266155531,1
0.16976998904709747,0.16319824753559695,1
0.1692223439211391,0.16319824753559695,1
0.16812705366922234,0.16210295728368015,1
0.16757940854326397,0.16210295728368015,1
0.1664841182913472,0.16100766703176342,1
0.16593647316538881,0.16100766703176342,1
0.16429353778751368,0.15936473165388826,1
0.16374589266155531,0.15936473165388826,1
0.16319824753559695,0.1588170865279299,1
0.16265060240963855,0.15936473165388826,1
0.16210295728368018,0.15936473165388826,1
0.1615553121577218,0.15991237677984665,1
0.16100766703176342,0.15991237677984665,1
0.16046002190580505,0.16046002190580505,1
0.15991237677984665,0.16046002190580505,1
0.1588170865279299,0.1615553121577218,1
0.15826944140197152,0.1615553121577218,1
0.15772179627601315,0.16210295728368015,1
0.15717415115005476,0.16210295728368015,1
0.1566265060240964,0.16265060240963855,1
0.156078860898138,0.16265060240963855,1
0.15553121577217963,0.16319824753559695,1
0.15498357064622126,0.16319824753559695,1
0.15443592552026286,0.16374589266155531,1
0.1533406352683461,0.16265060240963855,1
0.15279299014238773,0.16265060240963855,1
0.15224534501642936,0.16210295728368015,1
0.15169769989047097,0.16210295728368015,1
0.1511500547645126,0.16265060240963855,1
0.15060240963855423,0.16265060240963855,1
0.14622124863088717,0.16703176341730555,1
0.1456736035049288,0.16703176341730555,1
0.14348302300109528,0.16922234392113908,1
0.13636363636363635,0.16922234392113908,1
0.13581599123767799,0.1686746987951807,1
0.13417305585980285,0.1686746987951807,1
0.13362541073384446,0.16922234392113908,1
0.1330777656078861,0.16922234392113908,1
0.13198247535596933,0.17031763417305584,1
0.13198247535596933,0.17086527929901424,1
0.13143483023001096,0.1714129244249726,1
0.13143483023001096,0.17196056955093098,1
0.13088718510405256,0.17250821467688937,1
0.13088718510405256,0.17305585980284774,1
0.12814895947426067,0.17305585980284774,1
0.1276013143483023,0.17360350492880613,1
0.12705366922234393,0.17360350492880613,1
0.12595837897042717,0.17469879518072287,1
0.12595837897042717,0.17524644030668127,1
0.1254107338444688,0.17579408543263966,1
0.1254107338444688,0.17634173055859803,1
0.1248630887185104,0.1768893756845564,1
0.1248630887185104,0.17743702081051474,1
0.12376779846659365,0.17853231106243156,1
0.12376779846659365,0.1790799561883899,1
0.12322015334063527,0.17962760131434827,1
0.12322015334063527,0.18017524644030664,1
0.1221248630887185,0.18127053669222343,1
0.1221248630887185,0.1818181818181818,1
0.12102957283680175,0.18291347207009856,1
0.12102957283680175,0.18346111719605696,1
0.12048192771084337,0.18346111719605696,1
0.11993428258488499,0.18400876232201532,1
0.11883899233296824,0.18400876232201532,1
0.11829134720700986,0.1845564074479737,1
0.1171960569550931,0.1845564074479737,1
0.11664841182913473,0.18510405257393206,1
0.11555312157721796,0.18510405257393206,1
0.11500547645125958,0.18565169769989046,1
0.11281489594742607,0.18565169769989046,1
0.11226725082146768,0.18510405257393206,1
0.11062431544359255,0.18510405257393206,1
0.11007667031763417,0.1845564074479737,1
0.09967141292442497,0.1845564074479737,1
0.0991237677984666,0.18400876232201532,1
0.09748083242059145,0.18400876232201532,1
0.09693318729463307,0.18346111719605696,1
0.09474260679079956,0.18346111719605696,1
0.09419496166484119,0.18291347207009856,1
0.09255202628696604,0.18291347207009856,1
0.09200438116100766,0.18236582694414016,1
0.09036144578313253,0.18236582694414016,1
0.08981380065717415,0.1818181818181818,1
0.08762322015334063,0.1818181818181818,1
0.08707557502738225,0.18127053669222343,1
0.0859802847754655,0.18127053669222343,1
0.08543263964950712,0.18072289156626503,1
0.08543263964950712,0.18017524644030664,1
0.08488499452354874,0.17962760131434827,1
0.08488499452354874,0.1790799561883899,1
0.08433734939759036,0.17853231106243156,1
0.08433734939759036,0.17798466593647316,1
0.08269441401971522,0.17634173055859803,1
0.08214676889375684,0.17634173055859803,1
0.08105147864184009,0.17524644030668127,1
0.08050383351588171,0.17524644030668127,1
0.07995618838992333,0.17469879518072287,1
0.07940854326396495,0.17469879518072287,1
0.07886089813800658,0.1741511500547645,1
0.0783132530120482,0.1741511500547645,1
0.07776560788608981,0.17360350492880613,1
0.07721796276013143,0.1741511500547645,1
0.07667031763417305,0.1741511500547645,1
0.07612267250821468,0.17469879518072287,1
0.0755750273822563,0.17469879518072287,1
0.07502738225629792,0.17524644030668127,1
0.07447973713033954,0.17469879518072287,1
0.07393209200438117,0.17469879518072287,1
0.07174151150054764,0.17250821467688937,1
0.07119386637458927,0.17250821467688937,1
0.06900328587075576,0.17031763417305584,1
0.06845564074479737,0.17031763417305584,1
0.06845564074479737,0.16922234392113908,1
0.06790799561883899,0.1686746987951807,1
0.06790799561883899,0.16812705366922234,1
0.06736035049288061,0.16757940854326395,1
0.06736035049288061,0.16703176341730555,1
0.06681270536692223,0.16648411829134718,1
0.06681270536692223,0.16593647316538881,1
0.06626506024096386,0.16538882803943042,1
0.06626506024096386,0.16429353778751365,1
0.06571741511500548,0.16374589266155531,1
0.06571741511500548,0.16319824753559695,1
0.0651697699890471,0.16265060240963855,1
0.0651697699890471,0.16210295728368015,1
0.06462212486308871,0.1615553121577218,1
0.06462212486308871,0.16046002190580505,1
0.06407447973713033,0.15991237677984665,1
0.06352683461117196,0.15991237677984665,1
0.06297918948521358,0.15936473165388826,1
0.059693318729463304,0.15936473165388826,1
0.05914567360350493,0.15991237677984665,1
0.05421686746987952,0.15991237677984665,1
0.05366922234392114,0.16046002190580505,1
0.05312157721796276,0.16046002190580505,1
0.05312157721796276,0.15826944140197152,1
0.05366922234392114,0.15772179627601313,1
0.05366922234392114,0.15388828039430447,1
0.05421686746987952,0.1533406352683461,1
0.05421686746987952,0.14895947426067904,1
0.054764512595837894,0.1484118291347207,1
0.054764512595837894,0.14457831325301204,1
0.055312157721796276,0.14403066812705367,1
0.055312157721796276,0.1429353778751369,1
0.05585980284775466,0.1423877327491785,1
0.05585980284775466,0.14184008762322015,1
0.05640744797371303,0.14129244249726175,1
0.05640744797371303,0.140197152245345,1
0.056955093099671415,0.13964950711938662,1
0.056955093099671415,0.13855421686746985,1
0.05805038335158817,0.1374589266155531,1
0.05914567360350493,0.1374589266155531,1
0.059693318729463304,0.13691128148959472,1
0.060240963855421686,0.13691128148959472,1
0.06078860898138007,0.13636363636363638,1
0.061883899233296825,0.13636363636363638,1
0.0624315443592552,0.13581599123767796,1
0.06352683461117196,0.13581599123767796,1
0.06407447973713033,0.13526834611171962,1
0.0651697699890471,0.13526834611171962,1
0.06571741511500548,0.13581599123767796,1
0.06736035049288061,0.13581599123767796,1
0.06790799561883899,0.13636363636363638,1
0.07119386637458927,0.13636363636363638,1
0.07174151150054764,0.13581599123767796,1
0.0728368017524644,0.13581599123767796,1
0.07338444687842278,0.13526834611171962,1
0.07502738225629792,0.13526834611171962,1
0.0755750273822563,0.13472070098576122,1
0.07667031763417305,0.13472070098576122,1
0.07721796276013143,0.13417305585980285,1
0.07776560788608981,0.13417305585980285,1
0.07940854326396495,0.13253012048192772,1
0.07940854326396495,0.13198247535596933,1
0.07995618838992333,0.13143483023001096,1
0.07995618838992333,0.13088718510405256,1
0.08050383351588171,0.1303395399780942,1
0.08050383351588171,0.1297918948521358,1
0.08105147864184009,0.12924424972617743,1
0.08105147864184009,0.12814895947426067,1
0.08159912376779847,0.1276013143483023,1
0.08159912376779847,0.1270536692223439,1
0.08214676889375684,0.12650602409638553,1
0.08214676889375684,0.12595837897042714,1
0.08269441401971522,0.12541073384446877,1
0.08269441401971522,0.12486308871851041,1
0.0832420591456736,0.12431544359255202,1
0.08433734939759036,0.12431544359255202,1
0.08488499452354874,0.12486308871851041,1
0.08543263964950712,0.12486308871851041,1
0.0859802847754655,0.12541073384446877,1
0.08707557502738225,0.12541073384446877,1
0.08762322015334063,0.12595837897042714,1
0.0887185104052574,0.12595837897042714,1
0.08926615553121577,0.12650602409638553,1
0.09036144578313253,0.12650602409638553,1
0.09090909090909091,0.1270536692223439,1
0.0914567360350493,0.1270536692223439,1
0.09255202628696604,0.12814895947426067,1
0.09309967141292443,0.12814895947426067,1
0.09364731653888281,0.12869660460021906,1
0.09419496166484119,0.12869660460021906,1
0.09474260679079956,0.12924424972617743,1
0.09529025191675794,0.12924424972617743,1
0.09583789704271632,0.1297918948521358,1
0.0963855421686747,0.1297918948521358,1
0.09693318729463307,0.1303395399780942,1
0.09748083242059145,0.1297918948521358,1
0.09802847754654984,0.1297918948521358,1
0.09857612267250822,0.12924424972617743,1
0.09857612267250822,0.12869660460021906,1
0.09967141292442497,0.1276013143483023,1
0.09967141292442497,0.1270536692223439,1
0.10131434830230011,0.12541073384446877,1
0.10240963855421686,0.12541073384446877,1
0.10295728368017525,0.12486308871851041,1
0.10350492880613363,0.12486308871851041,1
0.10460021905805038,0.12376779846659365,1
0.10460021905805038,0.12157721796276012,1
0.10131434830230011,0.11829134720700983,1
0.10076670317634173,0.11829134720700983,1
0.0963855421686747,0.11391018619934282,1
0.09583789704271632,0.11391018619934282,1
0.09529025191675794,0.11336254107338445,1
0.09419496166484119,0.11336254107338445,1
0.09364731653888281,0.11281489594742605,1
0.09255202628696604,0.11281489594742605,1
0.09200438116100766,0.11226725082146768,1
0.0914567360350493,0.11226725082146768,1
0.09090909090909091,0.11171960569550929,1
0.08981380065717415,0.11171960569550929,1
0.08926615553121577,0.11117196056955092,1
0.08543263964950712,0.11117196056955092,1
0.08488499452354874,0.11171960569550929,1
0.0832420591456736,0.11171960569550929,1
0.08269441401971522,0.11226725082146768,1
0.08050383351588171,0.11226725082146768,1
0.07995618838992333,0.11171960569550929,1
0.07776560788608981,0.11171960569550929,1
0.07721796276013143,0.11117196056955092,1
0.07502738225629792,0.11117196056955092,1
0.07447973713033954,0.11062431544359252,1
0.07338444687842278,0.11062431544359252,1
0.0728368017524644,0.11007667031763417,1
0.0728368017524644,0.1095290251916758,1
0.07119386637458927,0.10788608981380064,1
0.07119386637458927,0.10733844468784227,1
0.0700985761226725,0.10624315443592551,1
0.0700985761226725,0.10569550930996714,1
0.06955093099671412,0.10514786418400875,1
0.06955093099671412,0.10460021905805038,1
0.0700985761226725,0.10405257393209198,1
0.0700985761226725,0.1013143483023001,1
0.06955093099671412,0.10076670317634173,1
0.06900328587075576,0.10076670317634173,1
0.06845564074479737,0.10021905805038334,1
0.06790799561883899,0.10021905805038334,1
0.06736035049288061,0.09967141292442497,1
0.06681270536692223,0.09967141292442497,1
0.06681270536692223,0.09693318729463309,1
0.06626506024096386,0.09638554216867468,1
0.06626506024096386,0.09529025191675791,1
0.0651697699890471,0.09419496166484119,1
0.06462212486308871,0.09419496166484119,1
0.06407447973713033,0.0936473165388828,1
0.06352683461117196,0.0936473165388828,1
0.061883899233296825,0.09200438116100766,1
0.061883899233296825,0.09145673603504927,1
0.06133625410733844,0.0909090909090909,1
0.06133625410733844,0.09036144578313253,1
0.060240963855421686,0.08926615553121578,1
0.060240963855421686,0.08871851040525737,1
0.059693318729463304,0.08817086527929902,1
0.059693318729463304,0.08762322015334062,1
0.05914567360350493,0.08707557502738225,1
0.05859802847754655,0.08707557502738225,1
0.05805038335158817,0.08652792990142388,1
0.05750273822562979,0.08652792990142388,1
0.056955093099671415,0.08598028477546549,1
0.05147864184008762,0.08598028477546549,1
0.05093099671412924,0.08543263964950712,1
0.050383351588170866,0.08543263964950712,1
0.049835706462212484,0.08488499452354872,1
0.04928806133625411,0.08488499452354872,1
0.04874041621029573,0.08433734939759036,1
0.04819277108433735,0.08433734939759036,1
0.04764512595837897,0.08378970427163196,1
0.047097480832420595,0.08378970427163196,1
0.04654983570646221,0.08324205914567359,1
0.04600219058050383,0.08324205914567359,1
0.045454545454545456,0.08269441401971524,1
0.044906900328587074,0.08269441401971524,1
0.0443592552026287,0.08214676889375683,1
0.04381161007667032,0.08214676889375683,1
0.04326396495071194,0.08159912376779847,1
0.04271631982475356,0.08159912376779847,1
0.04216867469879518,0.08105147864184008,1
0.0416210295728368,0.08105147864184008,1
0.0416210295728368,0.08050383351588171,1
0.04107338444687842,0.07995618838992331,1
0.04107338444687842,0.07940854326396495,1
0.040525739320920046,0.07886089813800658,1
0.040525739320920046,0.07776560788608981,1
0.039978094194961664,0.07721796276013142,1
0.03943044906900329,0.07721796276013142,1
0.03888280394304491,0.07667031763417305,1
0.038335158817086525,0.07667031763417305,1
0.03778751369112815,0.07612267250821465,1
0.03669222343921139,0.07612267250821465,1
0.03614457831325301,0.07557502738225629,1
0.03450164293537788,0.07557502738225629,1
0.033953997809419496,0.07502738225629793,1
0.033406352683461114,0.07502738225629793,1
0.03231106243154436,0.07393209200438117,1
0.03176341730558598,0.07393209200438117,1
0.030120481927710843,0.07228915662650601,1
0.029572836801752465,0.07228915662650601,1
0.028477546549835708,0.07119386637458927,1
0.02792990142387733,0.07119386637458927,1
0.025191675794085433,0.06845564074479735,1
0.025191675794085433,0.06790799561883898,1
0.023548740416210297,0.06626506024096386,1
0.023548740416210297,0.06571741511500546,1
0.022453450164293537,0.0646221248630887,1
0.022453450164293537,0.06407447973713033,1
0.02190580503833516,0.06352683461117196,1
0.02135815991237678,0.06352683461117196,1
0.0208105147864184,0.06297918948521357,1
0.012595837897042717,0.06297918948521357,1
0.012048192771084338,0.06243154435925521,1
0.011500547645125958,0.06243154435925521,1
0.013691128148959474,0.06243154435925521,1
0.014238773274917854,0.061883899233296805,1
0.014786418400876232,0.061883899233296805,1
0.01533406352683461,0.06133625410733844,1
0.01588170865279299,0.06133625410733844,1
0.016976998904709748,0.06024096385542168,1
0.016976998904709748,0.05969331872946332,1
0.017524644030668127,0.059145673603504915,1
0.017524644030668127,0.058598028477546554,1
0.018619934282584884,0.05750273822562979,1
0.018619934282584884,0.056955093099671394,1
0.019167579408543262,0.056407447973713026,1
0.019167579408543262,0.055859802847754665,1
0.020262869660460023,0.0547645125958379,1
0.020262869660460023,0.054216867469879505,1
0.0208105147864184,0.05366922234392114,1
0.02135815991237678,0.05366922234392114,1
0.024096385542168676,0.05093099671412925,1
0.024644030668127054,0.05093099671412925,1
0.02573932092004381,0.049835706462212484,1
0.029025191675794086,0.049835706462212484,1
0.029572836801752465,0.05038335158817085,1
0.030120481927710843,0.05038335158817085,1
0.0312157721796276,0.05147864184008761,1
0.03176341730558598,0.05147864184008761,1
0.03231106243154436,0.05202628696604601,1
0.03285870755750274,0.05202628696604601,1
0.033953997809419496,0.05312157721796274,1
0.03450164293537788,0.05312157721796274,1
0.03504928806133625,0.05366922234392114,1
0.035596933187294635,0.05366922234392114,1
0.03614457831325301,0.054216867469879505,1
0.03669222343921139,0.054216867469879505,1
0.03778751369112815,0.05531215772179626,1
0.038335158817086525,0.05531215772179626,1
0.03888280394304491,0.055859802847754665,1
0.04381161007667032,0.055859802847754665,1
0.04600219058050383,0.05805038335158815,1
0.04600219058050383,0.058598028477546554,1
0.04654983570646221,0.059145673603504915,1
0.047097480832420595,0.059145673603504915,1
0.04764512595837897,0.05969331872946332,1
0.04928806133625411,0.05969331872946332,1
0.049835706462212484,0.059145673603504915,1
0.056955093099671415,0.059145673603504915,1
0.05750273822562979,0.058598028477546554,1
0.060240963855421686,0.058598028477546554,1
0.060240963855421686,0.059145673603504915,1
0.06078860898138007,0.05969331872946332,1
0.06078860898138007,0.06024096385542168,1
0.06133625410733844,0.06078860898138005,1
0.06133625410733844,0.06133625410733844,1
0.0624315443592552,0.06243154435925521,1
0.06297918948521358,0.06243154435925521,1
0.06352683461117196,0.06297918948521357,1
0.06462212486308871,0.06297918948521357,1
0.0651697699890471,0.06352683461117196,1
0.06790799561883899,0.06352683461117196,1
0.06845564074479737,0.06407447973713033,1
0.07119386637458927,0.06407447973713033,1
0.07174151150054764,0.0646221248630887,1
0.07447973713033954,0.0646221248630887,1
0.07502738225629792,0.0651697699890471,1
0.07776560788608981,0.0651697699890471,1
0.0783132530120482,0.06571741511500546,1
0.07886089813800658,0.06571741511500546,1
0.07940854326396495,0.0651697699890471,1
0.08105147864184009,0.0651697699890471,1
0.08159912376779847,0.0646221248630887,1
0.0832420591456736,0.0646221248630887,1
0.08378970427163199,0.06407447973713033,1
0.08543263964950712,0.06407447973713033,1
0.0859802847754655,0.06352683461117196,1
0.0887185104052574,0.06352683461117196,1
0.08926615553121577,0.06407447973713033,1
0.08981380065717415,0.06407447973713033,1
0.09090909090909091,0.0651697699890471,1
0.0914567360350493,0.0651697699890471,1
0.09255202628696604,0.06626506024096386,1
0.09309967141292443,0.06626506024096386,1
0.09419496166484119,0.06736035049288062,1
0.09474260679079956,0.06736035049288062,1
0.0963855421686747,0.06900328587075574,1
0.09693318729463307,0.06900328587075574,1
0.09748083242059145,0.06955093099671411,1
0.10021905805038335,0.06955093099671411,1
0.10076670317634173,0.06900328587075574,1
0.10240963855421686,0.06900328587075574,1
0.10240963855421686,0.06955093099671411,1
0.10460021905805038,0.07174151150054764,1
0.10514786418400876,0.07174151150054764,1
0.10569550930996714,0.07228915662650601,1
0.10624315443592552,0.07174151150054764,1
0.10679079956188389,0.07174151150054764,1
0.10733844468784227,0.07119386637458927,1
0.10733844468784227,0.07064622124863087,1
0.11117196056955093,0.07064622124863087,1
0.11171960569550932,0.07119386637458927,1
0.11829134720700986,0.07119386637458927,1
0.11883899233296824,0.07174151150054764,1
0.1221248630887185,0.07174151150054764,1
0.12267250821467689,0.07228915662650601,1
0.1254107338444688,0.07228915662650601,1
0.12595837897042717,0.0728368017524644,1
0.1276013143483023,0.0728368017524644,1
0.12979189485213583,0.07502738225629793,1
0.1303395399780942,0.07502738225629793,1
0.13088718510405256,0.07557502738225629,1
0.13253012048192772,0.07557502738225629,1
0.1330777656078861,0.07502738225629793,1
0.13526834611171962,0.07502738225629793,1
0.13581599123767799,0.07557502738225629,1
0.13745892661555312,0.07557502738225629,1
0.1380065717415115,0.07612267250821465,1
0.13964950711938665,0.07612267250821465,1
0.140197152245345,0.07667031763417305,1
0.14184008762322015,0.07667031763417305,1
0.14238773274917854,0.07721796276013142,1
0.14403066812705367,0.07721796276013142,1
0.14457831325301204,0.07776560788608981,1
0.14622124863088717,0.07776560788608981,1
0.14676889375684557,0.07831325301204818,1
0.14786418400876233,0.07831325301204818,1
0.1484118291347207,0.07886089813800658,1
0.15005476451259583,0.07886089813800658,1
0.15005476451259583,0.07995618838992331,1
0.15060240963855423,0.08050383351588171,1
0.15060240963855423,0.08214676889375683,1
0.1511500547645126,0.08269441401971524,1
0.1511500547645126,0.08378970427163196,1
0.15169769989047097,0.08433734939759036,1
0.15169769989047097,0.08543263964950712,1
0.15224534501642936,0.08598028477546549,1
0.15224534501642936,0.08707557502738225,1
0.15279299014238773,0.08762322015334062,1
0.15279299014238773,0.09474260679079956,1
0.1533406352683461,0.09529025191675791,1
0.1533406352683461,0.11117196056955092,1
0.15443592552026286,0.11226725082146768,1
0.15443592552026286,0.11281489594742605,1
0.15498357064622126,0.11336254107338445,1
0.15498357064622126,0.11391018619934282,1
0.15553121577217963,0.11445783132530118,1
0.15553121577217963,0.11500547645125958,1
0.15717415115005476,0.11664841182913471,1
0.15772179627601315,0.11664841182913471,1
0.15826944140197152,0.11719605695509311,1
0.1588170865279299,0.11719605695509311,1
0.1593647316538883,0.11774370208105148,1
0.15991237677984665,0.11774370208105148,1
0.16046002190580505,0.11829134720700983,1
0.16100766703176342,0.11774370208105148,1
0.16210295728368018,0.11774370208105148,1
0.16265060240963855,0.11719605695509311,1
0.16374589266155531,0.11719605695509311,1
0.16429353778751368,0.11664841182913471,1
0.16538882803943045,0.11664841182913471,1
0.16593647316538881,0.11610076670317634,1
0.16703176341730558,0.11610076670317634,1
0.16757940854326397,0.11555312157721795,1
0.1686746987951807,0.11555312157721795,1
0.1692223439211391,0.11500547645125958,1
0.17360350492880613,0.11500547645125958,1
0.1741511500547645,0.11445783132530118,1
0.18346111719605696,0.11445783132530118,1
0.18400876232201532,0.11391018619934282,1
0.18893756845564075,0.11391018619934282,1
0.18948521358159912,0.11336254107338445,1
0.1900328587075575,0.11336254107338445,1
0.19331872946330778,0.11007667031763417,1
0.19441401971522454,0.11007667031763417,1
0.1949616648411829,0.1095290251916758,1
0.19715224534501644,0.1095290251916758,1
0.1976998904709748,0.1089813800657174,1
0.19989047097480833,0.1089813800657174,1
0.2004381161007667,0.10843373493975904,1
0.20262869660460023,0.10843373493975904,1
0.2031763417305586,0.10788608981380064,1
0.20372398685651696,0.10843373493975904,1
0.20536692223439212,0.10843373493975904,1
0.2059145673603505,0.1089813800657174,1
0.2086527929901424,0.1089813800657174,1
0.20920043811610076,0.10843373493975904,1
0.21084337349397592,0.10843373493975904,1
0.21139101861993428,0.10788608981380064,1
0.21248630887185105,0.10788608981380064,1
0.21303395399780942,0.10733844468784227,1
0.21467688937568455,0.10733844468784227,1
0.21522453450164294,0.10679079956188388,1
0.21631982475355968,0.10679079956188388,1
0.21686746987951808,0.10624315443592551,1
0.21796276013143484,0.10624315443592551,1
0.22015334063526834,0.10843373493975904,1
0.22070098576122674,0.10843373493975904,1
0.22289156626506024,0.11062431544359252,1
0.22343921139101863,0.11062431544359252,1
0.22508214676889376,0.11226725082146768,1
0.22562979189485213,0.11226725082146768,1
0.22782037239868566,0.11445783132530118,1
0.22836801752464403,0.11445783132530118,1
0.23055859802847756,0.11664841182913471,1
0.23110624315443593,0.11664841182913471,1
0.23274917853231106,0.11829134720700983,1
0.23329682365826945,0.11829134720700983,1
0.23384446878422782,0.11883899233296823,1
0.2343921139101862,0.11883899233296823,1
0.23493975903614459,0.1193866374589266,1
0.23548740416210295,0.11883899233296823,1
0.23603504928806135,0.11883899233296823,1
0.23658269441401972,0.11829134720700983,1
0.23767798466593648,0.11829134720700983,1
0.23822562979189485,0.11774370208105148,1
0.23877327491785322,0.11774370208105148,1
0.2393209200438116,0.11719605695509311,1
0.23986856516976998,0.11719605695509311,1
0.24041621029572838,0.11664841182913471,1
0.24096385542168675,0.11664841182913471,1
0.2415115005476451,0.11610076670317634,1
0.24260679079956188,0.11610076670317634,1
0.24315443592552027,0.11555312157721795,1
0.24370208105147864,0.11555312157721795,1
0.244249726177437,0.11500547645125958,1
0.2447973713033954,0.11500547645125958,1
0.24534501642935377,0.11445783132530118,1
0.24589266155531217,0.11445783132530118,1
0.24644030668127054,0.11391018619934282,1
0.2475355969331873,0.11391018619934282,1
0.24808324205914567,0.11336254107338445,1
0.24863088718510407,0.11336254107338445,1
0.24917853231106243,0.11281489594742605,1
0.2497261774370208,0.11281489594742605,1
0.2502738225629792,0.11226725082146768,1
0.25410733844468786,0.11226725082146768,1
0.2546549835706462,0.11281489594742605,1
0.2634173055859803,0.11281489594742605,1
0.26396495071193865,0.11336254107338445,1
0.2710843373493976,0.11336254107338445,1
0.27163198247535597,0.11281489594742605,1
0.27217962760131437,0.11281489594742605,1
0.2727272727272727,0.11226725082146768,1
0.2732749178532311,0.11226725082146768,1
0.27437020810514784,0.11117196056955092,1
0.27491785323110624,0.11117196056955092,1
0.27546549835706463,0.11062431544359252,1
0.276013143483023,0.11062431544359252,1
0.27710843373493976,0.1095290251916758,1
0.28039430449069,0.1095290251916758,1
0.2809419496166484,0.11007667031763417,1
0.2858707557502738,0.11007667031763417,1
0.2864184008762322,0.11062431544359252,1
0.28806133625410735,0.11062431544359252,1
0.28860898138006574,0.11117196056955092,1
0.2897042716319825,0.11117196056955092,1
0.2902519167579409,0.11171960569550929,1
0.2907995618838992,0.11171960569550929,1
0.2913472070098576,0.11226725082146768,1
0.29244249726177435,0.11226725082146768,1
0.29299014238773274,0.11281489594742605,1
0.2940854326396495,0.11281489594742605,1
0.2946330777656079,0.11336254107338445,1
0.29518072289156627,0.11336254107338445,1
0.29572836801752467,0.11391018619934282,1
0.2968236582694414,0.11391018619934282,1
0.2973713033953998,0.11445783132530118,1
0.29791894852135814,0.11445783132530118,1
0.29846659364731654,0.11500547645125958,1
0.29956188389923327,0.11500547645125958,1
0.30010952902519167,0.11555312157721795,1
0.30120481927710846,0.11555312157721795,1
0.3017524644030668,0.11610076670317634,1
0.3127053669222344,0.11610076670317634,1
0.3132530120481928,0.11555312157721795,1
0.3154435925520263,0.11555312157721795,1
0.31599123767798465,0.11500547645125958,1
0.31653888280394304,0.11500547645125958,1
0.31708652792990144,0.11445783132530118,1
0.3176341730558598,0.11445783132530118,1
0.3192771084337349,0.11281489594742605,1
0.3198247535596933,0.11281489594742605,1
0.3209200438116101,0.11171960569550929,1
0.32146768893756844,0.11171960569550929,1
0.32201533406352684,0.11117196056955092,1
0.3231106243154436,0.11117196056955092,1
0.32365826944140197,0.11062431544359252,1
0.32420591456736036,0.11062431544359252,1
0.3247535596933187,0.11007667031763417,1
0.3258488499452355,0.11007667031763417,1
0.3263964950711939,0.1095290251916758,1
0.32694414019715223,0.1095290251916758,1
0.32749178532311063,0.1089813800657174,1
0.32858707557502737,0.1089813800657174,1
0.32913472070098576,0.10843373493975904,1
0.3302300109529025,0.10843373493975904,1
0.3307776560788609,0.10788608981380064,1
0.3313253012048193,0.10788608981380064,1
0.33187294633077763,0.10733844468784227,1
0.3373493975903614,0.10733844468784227,1
0.3378970427163198,0.10679079956188388,1
0.3384446878422782,0.10679079956188388,1
0.3389923329682366,0.10624315443592551,1
0.33953997809419495,0.10624315443592551,1
0.3411829134720701,0.10460021905805038,1
0.3417305585980285,0.10460021905805038,1
0.3433734939759036,0.10295728368017522,1
0.343921139101862,0.10295728368017522,1
0.34611171960569553,0.10076670317634173,1
0.3466593647316539,0.10076670317634173,1
0.34775465498357067,0.09967141292442497,1
0.3493975903614458,0.09967141292442497,1
0.34994523548740414,0.09912376779846657,1
0.3515881708652793,0.09912376779846657,1
0.35213581599123767,0.0985761226725082,1
0.3543263964950712,0.0985761226725082,1
0.3548740416210296,0.09802847754654984,1
0.35542168674698793,0.09802847754654984,1
0.35542168674698793,0.0985761226725082,1
0.3565169769989047,0.09967141292442497,1
0.35706462212486306,0.09967141292442497,1
0.35761226725082146,0.10021905805038334,1
0.359802847754655,0.10021905805038334,1
0.3603504928806134,0.10076670317634173,1
0.36308871851040525,0.10076670317634173,1
0.36363636363636365,0.1013143483023001,1
0.3663745892661555,0.1013143483023001,1
0.3669222343921139,0.1018619934282585,1
0.3674698795180723,0.1018619934282585,1
0.36801752464403065,0.10240963855421686,1
0.36801752464403065,0.10295728368017522,1
0.36911281489594744,0.10405257393209198,1
0.36911281489594744,0.10460021905805038,1
0.3696604600219058,0.10514786418400875,1
0.3702081051478642,0.10514786418400875,1
0.37075575027382257,0.10569550930996714,1
0.3718510405257393,0.10569550930996714,1
0.3723986856516977,0.10514786418400875,1
0.37404162102957283,0.10514786418400875,1
0.37458926615553123,0.10460021905805038,1
0.37568455640744797,0.10460021905805038,1
0.37623220153340636,0.10405257393209198,1
0.3778751369112815,0.10405257393209198,1
0.3784227820372399,0.10460021905805038,1
0.380065717415115,0.10460021905805038,1
0.38061336254107336,0.10514786418400875,1
0.38170865279299016,0.10514786418400875,1
0.3822562979189485,0.10569550930996714,1
0.3838992332968237,0.10569550930996714,1
0.384446878422782,0.10624315443592551,1
0.38608981380065716,0.10624315443592551,1
0.3899233296823658,0.11007667031763417,1
0.3899233296823658,0.11062431544359252,1
0.3937568455640745,0.11445783132530118,1
0.39430449069003287,0.11445783132530118,1
0.3948521358159912,0.11500547645125958,1
0.3964950711938664,0.11500547645125958,1
0.39704271631982474,0.11555312157721795,1
0.39923329682365827,0.11555312157721795,1
0.39978094194961666,0.11610076670317634,1
0.4014238773274918,0.11610076670317634,1
0.4019715224534502,0.11664841182913471,1
0.40251916757940853,0.11610076670317634,1
0.40306681270536693,0.11610076670317634,1
0.4036144578313253,0.11555312157721795,1
0.40416210295728366,0.11555312157721795,1
0.40470974808324206,0.11500547645125958,1
0.4058050383351588,0.11500547645125958,1
0.4063526834611172,0.11555312157721795,1
0.4069003285870756,0.11555312157721795,1
0.40744797371303393,0.11610076670317634,1
0.4079956188389923,0.11610076670317634,1
0.4085432639649507,0.11664841182913471,1
0.4090909090909091,0.11664841182913471,1
0.40963855421686746,0.11719605695509311,1
0.41018619934282585,0.11719605695509311,1
0.41073384446878425,0.11664841182913471,1
0.4112814895947426,0.11664841182913471,1
0.411829134720701,0.11610076670317634,1
0.411829134720701,0.11555312157721795,1
0.4123767798466594,0.11500547645125958,1
0.4123767798466594,0.11445783132530118,1
0.4129244249726177,0.11391018619934282,1
0.4129244249726177,0.11281489594742605,1
0.4194961664841183,0.11281489594742605,1
0.42004381161007665,0.11226725082146768,1
0.4299014238773275,0.11226725082146768,1
0.4304490690032859,0.11171960569550929,1
0.4315443592552026,0.11171960569550929,1
0.432092004381161,0.11117196056955092,1
0.43263964950711936,0.11117196056955092,1
0.43318729463307776,0.11062431544359252,1
0.43373493975903615,0.11062431544359252,1
0.43428258488499455,0.11007667031763417,1
0.4348302300109529,0.11007667031763417,1
0.4353778751369113,0.1095290251916758,1
0.4359255202628697,0.1095290251916758,1
0.436473165388828,0.1089813800657174,1
0.4370208105147864,0.1089813800657174,1
0.4375684556407448,0.10843373493975904,1
0.43811610076670315,0.10843373493975904,1
0.43866374589266155,0.10788608981380064,1
0.4397590361445783,0.10788608981380064,1
0.4403066812705367,0.10733844468784227,1
0.4408543263964951,0.10733844468784227,1
0.4414019715224535,0.10679079956188388,1
0.4419496166484118,0.10679079956188388,1
0.4424972617743702,0.10624315443592551,1
0.4430449069003286,0.10624315443592551,1
0.44359255202628695,0.10569550930996714,1
0.44414019715224534,0.10569550930996714,1
0.44468784227820374,0.10624315443592551,1
0.44687842278203727,0.10624315443592551,1
0.4474260679079956,0.10679079956188388,1
0.44961664841182913,0.10679079956188388,1
0.45016429353778753,0.10733844468784227,1
0.45180722891566266,0.10733844468784227,1
0.452354874041621,0.10788608981380064,1
0.45454545454545453,0.10788608981380064,1
0.4550930996714129,0.10843373493975904,1
0.45673603504928806,0.10843373493975904,1
0.45728368017524645,0.1089813800657174,1
0.4578313253012048,0.10843373493975904,1
0.4583789704271632,0.10843373493975904,1
0.4589266155531216,0.10788608981380064,1
0.4589266155531216,0.10733844468784227,1
0.4600219058050383,0.10624315443592551,1
0.4600219058050383,0.10569550930996714,1
0.4611171960569551,0.10460021905805038,1
0.4611171960569551,0.10405257393209198,1
0.46221248630887185,0.10295728368017522,1
0.46221248630887185,0.10240963855421686,1
0.4633077765607886,0.1013143483023001,1
0.4633077765607886,0.10076670317634173,1
0.4644030668127054,0.09967141292442497,1
0.4644030668127054,0.09912376779846657,1
0.4654983570646221,0.09802847754654984,1
0.4654983570646221,0.09748083242059144,1
0.4709748083242059,0.09200438116100766,1
0.4709748083242059,0.08981380065717413,1
0.4715224534501643,0.08926615553121578,1
0.4715224534501643,0.08762322015334062,1
0.4720700985761227,0.08707557502738225,1
0.4720700985761227,0.08598028477546549,1
0.47316538882803943,0.08598028477546549,1
0.47371303395399783,0.08543263964950712,1
0.47426067907995617,0.08543263964950712,1
0.47480832420591457,0.08488499452354872,1
0.4759036144578313,0.08488499452354872,1
0.4764512595837897,0.08433734939759036,1
0.4769989047097481,0.08433734939759036,1
0.47809419496166483,0.08324205914567359,1
0.47809419496166483,0.07502738225629793,1
0.4813800657174151,0.07174151150054764,1
0.4813800657174151,0.07119386637458927,1
0.4835706462212486,0.06900328587075574,1
0.49069003285870755,0.06900328587075574,1
0.49123767798466594,0.06845564074479735,1
0.49178532311062434,0.06845564074479735,1
0.49342825848849947,0.06681270536692223,1
0.4939759036144578,0.06681270536692223,1
0.4945235487404162,0.06626506024096386,1
0.4950711938663746,0.06626506024096386,1
0.49561883899233294,0.06571741511500546,1
0.49780941949616647,0.06571741511500546,1
0.49835706462212487,0.0651697699890471,1
0.5005476451259584,0.0651697699890471,1
0.5010952902519168,0.0646221248630887,1
0.5032858707557503,0.0646221248630887,1
0.5038335158817087,0.06407447973713033,1
0.5060240963855421,0.06407447973713033,1
0.5065717415115005,0.06352683461117196,1
0.5076670317634173,0.06352683461117196,1
0.5082146768893757,0.06297918948521357,1
0.5087623220153341,0.06297918948521357,1
0.5098576122672508,0.061883899233296805,1
0.5098576122672508,0.06133625410733844,1
0.5120481927710844,0.059145673603504915,1
0.5120481927710844,0.058598028477546554,1
0.5131434830230011,0.05750273822562979,1
0.5142387732749178,0.05750273822562979,1
0.5147864184008762,0.056955093099671394,1
0.5153340635268346,0.056955093099671394,1
0.515881708652793,0.056407447973713026,1
0.5164293537787513,0.056407447973713026,1
0.5169769989047097,0.055859802847754665,1
0.5180722891566265,0.055859802847754665,1
0.5186199342825849,0.05531215772179626,1
0.5191675794085433,0.05531215772179626,1
0.5197152245345017,0.0547645125958379,1
0.52026286966046,0.0547645125958379,1
0.5208105147864184,0.054216867469879505,1
0.5219058050383352,0.054216867469879505,1
0.5224534501642936,0.05366922234392114,1
0.523001095290252,0.05366922234392114,1
0.5235487404162102,0.05312157721796274,1
0.5240963855421686,0.05312157721796274,1
0.524644030668127,0.05257393209200437,1
0.5257393209200438,0.05257393209200437,1
0.5262869660460022,0.05202628696604601,1
0.5268346111719606,0.05202628696604601,1
0.5273822562979189,0.05147864184008761,1
0.5279299014238773,0.05147864184008761,1
0.5284775465498357,0.05093099671412925,1
0.5295728368017525,0.05093099671412925,1
0.5301204819277109,0.05038335158817085,1
0.5399780941949617,0.05038335158817085,1
0.5405257393209201,0.049835706462212484,1
0.5416210295728368,0.049835706462212484,1
0.5421686746987951,0.04928806133625412,1
0.5427163198247535,0.04928806133625412,1
0.5432639649507119,0.04874041621029572,1
0.5438116100766703,0.04874041621029572,1
0.5443592552026287,0.04819277108433736,1
0.5454545454545454,0.04819277108433736,1
0.5460021905805038,0.047645125958378956,1
0.5465498357064622,0.047645125958378956,1
0.5470974808324206,0.047097480832420595,1
0.547645125958379,0.047097480832420595,1
0.5481927710843374,0.0465498357064622,1
0.5492880613362541,0.0465498357064622,1
0.5498357064622125,0.04600219058050383,1
0.5503833515881709,0.04600219058050383,1
0.5509309967141293,0.04545454545454547,1
0.5651697699890471,0.04545454545454547,1
0.5657174151150055,0.04490690032858707,1
0.567907995618839,0.04490690032858707,1
0.5684556407447974,0.044359255202628706,1
0.5700985761226726,0.044359255202628706,1
0.5706462212486308,0.04381161007667031,1
0.5728368017524644,0.04381161007667031,1
0.5733844468784228,0.04326396495071194,1
0.5755750273822563,0.04326396495071194,1
0.5761226725082147,0.042716319824753546,1
0.588170865279299,0.042716319824753546,1
0.5892661555312158,0.04381161007667031,1
0.5898138006571741,0.04381161007667031,1
0.5909090909090909,0.04490690032858707,1
0.5914567360350493,0.04490690032858707,1
0.592552026286966,0.04600219058050383,1
0.5930996714129244,0.04600219058050383,1
0.5936473165388828,0.0465498357064622,1
0.5941949616648412,0.0465498357064622,1
0.5947426067907996,0.047097480832420595,1
0.5969331872946331,0.047097480832420595,1
0.5974808324205915,0.047645125958378956,1
0.6002190580503833,0.047645125958378956,1
0.6007667031763417,0.047097480832420595,1
0.6018619934282585,0.047097480832420595,1
0.6024096385542169,0.0465498357064622,1
0.604052573932092,0.0465498357064622,1
0.6046002190580504,0.04600219058050383,1
0.6067907995618839,0.04600219058050383,1
0.6089813800657174,0.04819277108433736,1
0.6095290251916758,0.04819277108433736,1
0.6095290251916758,0.04874041621029572,1
0.6117196056955093,0.05093099671412925,1
0.6117196056955093,0.05147864184008761,1
0.6139101861993428,0.05366922234392114,1
0.6139101861993428,0.054216867469879505,1
0.6161007667031764,0.056407447973713026,1
0.6161007667031764,0.056955093099671394,1
0.6177437020810514,0.058598028477546554,1
0.6177437020810514,0.059145673603504915,1
0.619934282584885,0.06133625410733844,1
0.619934282584885,0.061883899233296805,1
0.6221248630887185,0.06407447973713033,1
0.6221248630887185,0.0646221248630887,1
0.6226725082146769,0.0651697699890471,1
0.6226725082146769,0.06626506024096386,1
0.6232201533406353,0.06681270536692223,1
0.6232201533406353,0.06790799561883898,1
0.6237677984665937,0.06845564074479735,1
0.6237677984665937,0.06900328587075574,1
0.624315443592552,0.06955093099671411,1
0.6248630887185104,0.06955093099671411,1
0.6254107338444688,0.0700985761226725,1
0.628696604600219,0.0700985761226725,1
0.6292442497261774,0.07064622124863087,1
0.6297918948521358,0.07064622124863087,1
0.6303395399780942,0.0700985761226725,1
0.6308871851040526,0.0700985761226725,1
0.6325301204819277,0.06845564074479735,1
0.6325301204819277,0.06790799561883898,1
0.6330777656078861,0.06736035049288062,1
0.6374589266155531,0.07174151150054764,1
0.6380065717415115,0.07174151150054764,1
0.6385542168674698,0.07228915662650601,1
0.640197152245345,0.07228915662650601,1
0.6407447973713034,0.0728368017524644,1
0.6434830230010953,0.0728368017524644,1
0.6440306681270537,0.07338444687842277,1
0.6467688937568455,0.07338444687842277,1
0.6473165388828039,0.07393209200438117,1
0.6473165388828039,0.07447973713033952,1
0.6484118291347207,0.07557502738225629,1
0.6484118291347207,0.07612267250821465,1
0.6495071193866374,0.07721796276013142,1
0.6495071193866374,0.07776560788608981,1
0.6500547645125958,0.07831325301204818,1
0.6500547645125958,0.07886089813800658,1
0.6511500547645126,0.07995618838992331,1
0.6511500547645126,0.08050383351588171,1
0.651697699890471,0.08105147864184008,1
0.6522453450164294,0.08105147864184008,1
0.6527929901423878,0.08159912376779847,1
0.6533406352683461,0.08159912376779847,1
0.6538882803943045,0.08214676889375683,1
0.6544359255202629,0.08214676889375683,1
0.6549835706462213,0.08269441401971524,1
0.6555312157721797,0.08269441401971524,1
0.656078860898138,0.08324205914567359,1
0.6571741511500547,0.08324205914567359,1
0.6577217962760131,0.08378970427163196,1
0.6582694414019715,0.08378970427163196,1
0.6582694414019715,0.08433734939759036,1
0.6610076670317634,0.08707557502738225,1
0.6610076670317634,0.08762322015334062,1
0.6637458926615553,0.09036144578313253,1
0.6637458926615553,0.0909090909090909,1
0.6659364731653888,0.09309967141292443,1
0.6664841182913472,0.09309967141292443,1
0.6670317634173056,0.0936473165388828,1
0.6774370208105148,0.0936473165388828,1
0.6779846659364732,0.09309967141292443,1
0.6801752464403067,0.09309967141292443,1
0.6807228915662651,0.0936473165388828,1
0.6807228915662651,0.09474260679079956,1
0.6812705366922235,0.09529025191675791,1
0.6812705366922235,0.09583789704271632,1
0.6818181818181818,0.09638554216867468,1
0.6823658269441402,0.09638554216867468,1
0.6829134720700986,0.09693318729463309,1
0.6845564074479737,0.09693318729463309,1
0.6851040525739321,0.09638554216867468,1
0.6867469879518072,0.09638554216867468,1
0.6872946330777656,0.09583789704271632,1
0.6883899233296824,0.09583789704271632,1
0.6889375684556407,0.09529025191675791,1
0.6900328587075575,0.09529025191675791,1
0.6905805038335159,0.09474260679079956,1
0.6911281489594743,0.09474260679079956,1
0.6998904709748083,0.08598028477546549,1
0.6998904709748083,0.08543263964950712,1
0.7015334063526835,0.08378970427163196,1
0.7037239868565169,0.08378970427163196,1
0.7042716319824753,0.08324205914567359,1
0.708105147864184,0.08324205914567359,1
0.7086527929901424,0.08269441401971524,1
0.712486308871851,0.08269441401971524,1
0.7130339539978094,0.08214676889375683,1
0.7168674698795181,0.08214676889375683,1
0.7174151150054765,0.08159912376779847,1
0.721248630887185,0.08159912376779847,1
0.7217962760131434,0.08105147864184008,1
0.7256297918948521,0.08105147864184008,1
0.7261774370208105,0.08050383351588171,1
0.7300109529025192,0.08050383351588171,1
0.7305585980284776,0.07995618838992331,1
0.7322015334063526,0.07995618838992331,1
0.732749178532311,0.07940854326396495,1
0.7332968236582694,0.07940854326396495,1
0.7338444687842278,0.07886089813800658,1
0.7343921139101862,0.07886089813800658,1
0.7349397590361446,0.07831325301204818,1
0.735487404162103,0.07831325301204818,1
0.7360350492880613,0.07776560788608981,1
0.7371303395399781,0.07776560788608981,1
0.7376779846659365,0.07831325301204818,1
0.7382256297918949,0.07831325301204818,1
0.7387732749178533,0.07886089813800658,1
0.7393209200438116,0.07886089813800658,1
0.73986856516977,0.07940854326396495,1
0.7404162102957283,0.07940854326396495,1
0.7415115005476451,0.08050383351588171,1
0.7420591456736035,0.08050383351588171,1
0.7426067907995619,0.08105147864184008,1
0.7431544359255202,0.08105147864184008,1
0.7437020810514786,0.08159912376779847,1
0.744249726177437,0.08159912376779847,1
0.7447973713033954,0.08214676889375683,1
0.7453450164293538,0.08214676889375683,1
0.7458926615553122,0.08269441401971524,1
0.7464403066812705,0.08214676889375683,1
0.7469879518072289,0.08214676889375683,1
0.7475355969331873,0.08159912376779847,1
0.7480832420591457,0.08159912376779847,1
0.7491785323110625,0.08050383351588171,1
0.7497261774370209,0.08050383351588171,1
0.7502738225629791,0.07995618838992331,1
0.7508214676889375,0.07995618838992331,1
0.7513691128148959,0.08050383351588171,1
0.7524644030668127,0.08050383351588171,1
0.7530120481927711,0.08105147864184008,1
0.7535596933187295,0.08105147864184008,1
0.7541073384446878,0.08159912376779847,1
0.7546549835706462,0.08159912376779847,1
0.7552026286966046,0.08214676889375683,1
0.755750273822563,0.08214676889375683,1
0.7562979189485214,0.08269441401971524,1
0.7573932092004381,0.08269441401971524,1
0.7579408543263965,0.08214676889375683,1
0.76013143483023,0.08214676889375683,1
0.7639649507119387,0.08598028477546549,1
0.764512595837897,0.08598028477546549,1
0.7650602409638554,0.08652792990142388,1
0.7661555312157722,0.08652792990142388,1
0.7667031763417306,0.08598028477546549,1
0.767250821467689,0.08598028477546549,1
0.7677984665936474,0.08543263964950712,1
0.7683461117196057,0.08543263964950712,1
0.768893756845564,0.08488499452354872,1
0.7694414019715224,0.08488499452354872,1
0.7699890470974808,0.08543263964950712,1
0.7699890470974808,0.08598028477546549,1
0.7710843373493976,0.08707557502738225,1
0.7710843373493976,0.08762322015334062,1
0.7727272727272727,0.08926615553121578,1
0.7727272727272727,0.08981380065717413,1
0.7743702081051479,0.09145673603504927,1
0.7749178532311063,0.09145673603504927,1
0.7754654983570646,0.09200438116100766,1
0.776013143483023,0.09200438116100766,1
0.7765607886089814,0.09255202628696603,1
0.7782037239868566,0.09255202628696603,1
0.778751369112815,0.09309967141292443,1
0.7809419496166484,0.09309967141292443,1
0.7814895947426068,0.0936473165388828,1
0.7836801752464403,0.0936473165388828,1
0.7842278203723987,0.09309967141292443,1
0.7853231106243155,0.09309967141292443,1
0.7858707557502739,0.09255202628696603,1
0.7864184008762322,0.09255202628696603,1
0.7913472070098576,0.08762322015334062,1
0.791894852135816,0.08762322015334062,1
0.7940854326396495,0.08981380065717413,1
0.7946330777656079,0.08981380065717413,1
0.7962760131434831,0.09145673603504927,1
0.7968236582694413,0.09145673603504927,1
0.7973713033953997,0.09200438116100766,1
0.8012048192771084,0.09200438116100766,1
0.8017524644030668,0.09255202628696603,1
0.8055859802847755,0.09255202628696603,1
0.8061336254107339,0.09309967141292443,1
0.8066812705366923,0.09255202628696603,1
0.8077765607886089,0.09255202628696603,1
0.8083242059145673,0.09200438116100766,1
0.8088718510405257,0.09200438116100766,1
0.8094194961664841,0.09145673603504927,1
0.8105147864184009,0.09145673603504927,1
0.8110624315443593,0.0909090909090909,1
0.8116100766703176,0.0909090909090909,1
0.812157721796276,0.09036144578313253,1
0.8132530120481928,0.09036144578313253,1
0.8138006571741512,0.08981380065717413,1
0.8143483023001096,0.08981380065717413,1
0.8148959474260679,0.08926615553121578,1
0.8154435925520263,0.08926615553121578,1
0.8159912376779846,0.08871851040525737,1
0.8170865279299014,0.08871851040525737,1
0.8176341730558598,0.08817086527929902,1
0.8181818181818182,0.08817086527929902,1
0.8187294633077765,0.08762322015334062,1
0.8198247535596933,0.08762322015334062,1
0.8203723986856517,0.08707557502738225,1
0.8209200438116101,0.08707557502738225,1
0.8214676889375685,0.08652792990142388,1
0.8225629791894852,0.08652792990142388,1
0.8231106243154436,0.08598028477546549,1
0.823658269441402,0.08598028477546549,1
0.8242059145673604,0.08543263964950712,1
0.8247535596933188,0.08543263964950712,1
0.8253012048192772,0.08488499452354872,1
0.8258488499452354,0.08543263964950712,1
0.8269441401971522,0.08543263964950712,1
0.8274917853231106,0.08598028477546549,1
0.8291347207009858,0.08598028477546549,1
0.8296823658269441,0.08652792990142388,1
0.8307776560788609,0.08652792990142388,1
0.8313253012048193,0.08707557502738225,1
0.8324205914567361,0.08707557502738225,1
0.8329682365826944,0.08762322015334062,1
0.8340635268346112,0.08762322015334062,1
0.8346111719605696,0.08817086527929902,1
0.8362541073384447,0.08817086527929902,1
0.836801752464403,0.08762322015334062,1
0.8389923329682366,0.08762322015334062,1
0.839539978094195,0.08707557502738225,1
0.8411829134720701,0.08707557502738225,1
0.8417305585980285,0.08652792990142388,1
0.8433734939759037,0.08652792990142388,1
0.843921139101862,0.08598028477546549,1
0.8461117196056955,0.08598028477546549,1
0.8466593647316539,0.08652792990142388,1
0.8472070098576122,0.08652792990142388,1
0.8477546549835706,0.08707557502738225,1
0.848302300109529,0.08707557502738225,1
0.8488499452354874,0.08762322015334062,1
0.8499452354874042,0.08762322015334062,1
0.8504928806133626,0.08817086527929902,1
0.8510405257393209,0.08817086527929902,1
0.8515881708652793,0.08871851040525737,1
0.8521358159912377,0.08871851040525737,1
0.8526834611171961,0.08926615553121578,1
0.8537787513691129,0.08926615553121578,1
0.8543263964950711,0.08981380065717413,1
0.8548740416210295,0.08981380065717413,1
0.8554216867469879,0.09036144578313253,1
0.8559693318729463,0.09036144578313253,1
0.8565169769989047,0.0909090909090909,1
0.8576122672508215,0.0909090909090909,1
0.8581599123767798,0.09145673603504927,1
0.8587075575027382,0.09145673603504927,1
0.8592552026286966,0.09200438116100766,1
0.859802847754655,0.09200438116100766,1
0.8603504928806134,0.09255202628696603,1
0.8608981380065718,0.09255202628696603,1
0.8614457831325302,0.09309967141292443,1
0.8625410733844469,0.09309967141292443,1
0.8630887185104053,0.09255202628696603,1
0.8636363636363636,0.09255202628696603,1
0.8669222343921139,0.08926615553121578,1
0.8685651697699891,0.08926615553121578,1
0.8691128148959474,0.08871851040525737,1
0.8702081051478642,0.08871851040525737,1
0.8707557502738226,0.08817086527929902,1
0.872946330777656,0.08817086527929902,1
0.8734939759036144,0.08871851040525737,1
0.8740416210295728,0.08871851040525737,1
0.8745892661555312,0.08926615553121578,1
0.8751369112814896,0.08926615553121578,1
0.875684556407448,0.08981380065717413,1
0.8762322015334063,0.08981380065717413,1
0.8773274917853231,0.0909090909090909,1
0.8778751369112815,0.0909090909090909,1
0.8784227820372399,0.09145673603504927,1
0.8789704271631983,0.09145673603504927,1
0.8795180722891566,0.09200438116100766,1
0.880065717415115,0.09200438116100766,1
0.8811610076670318,0.09309967141292443,1
0.8817086527929902,0.09309967141292443,1
0.8822562979189486,0.0936473165388828,1
0.882803943044907,0.0936473165388828,1
0.8833515881708652,0.09419496166484119,1
0.8871851040525739,0.09419496166484119,1
0.8877327491785323,0.0936473165388828,1
0.8899233296823659,0.09583789704271632,1
0.8904709748083242,0.09583789704271632,1
0.8926615553121577,0.09802847754654984,1
0.8932092004381161,0.09802847754654984,1
0.895947426067908,0.10076670317634173,1
0.8964950711938664,0.10076670317634173,1
0.8975903614457831,0.1018619934282585,1
0.8981380065717415,0.1018619934282585,1
0.8986856516976999,0.10240963855421686,1
0.8992332968236583,0.10240963855421686,1
0.8997809419496167,0.10295728368017522,1
0.9008762322015335,0.10295728368017522,1
0.9014238773274917,0.10350492880613363,1
0.9019715224534501,0.10350492880613363,1
0.9025191675794085,0.10405257393209198,1
0.9030668127053669,0.10405257393209198,1
0.9036144578313253,0.10460021905805038,1
0.9041621029572837,0.10460021905805038,1
0.904709748083242,0.10514786418400875,1
0.9058050383351588,0.10514786418400875,1
0.9063526834611172,0.10569550930996714,1
0.9069003285870756,0.10569550930996714,1
0.907447973713034,0.10624315443592551,1
0.9079956188389924,0.10624315443592551,1
0.9085432639649507,0.10679079956188388,1
0.9090909090909091,0.10679079956188388,1
0.9096385542168675,0.10733844468784227,1
0.9101861993428259,0.10733844468784227,1
0.9112814895947426,0.10843373493975904,1
0.911829134720701,0.10843373493975904,1
0.9129244249726177,0.1095290251916758,1
0.9134720700985761,0.1095290251916758,1
0.9145673603504929,0.11062431544359252,1
0.9151150054764513,0.11062431544359252,1
0.916210295728368,0.11171960569550929,1
0.9167579408543264,0.11171960569550929,1
0.9178532311062432,0.11281489594742605,1
0.9184008762322016,0.11281489594742605,1
0.9194961664841182,0.11391018619934282,1
0.9200438116100766,0.11391018619934282,1
0.9211391018619934,0.11500547645125958,1
0.9216867469879518,0.11500547645125958,1
0.9227820372398685,0.11610076670317634,1
0.9233296823658269,0.11610076670317634,1
0.9244249726177437,0.11719605695509311,1
0.9249726177437021,0.11719605695509311,1
0.9260679079956189,0.11829134720700983,1
0.9266155531215772,0.11829134720700983,1
0.9271631982475356,0.11883899233296823,1
0.927710843373494,0.11883899233296823,1
0.9282584884994524,0.1193866374589266,1
0.9288061336254108,0.1193866374589266,1
0.9293537787513692,0.11993428258488499,1
0.9299014238773274,0.11993428258488499,1
0.9304490690032858,0.12048192771084336,1
0.9309967141292442,0.12048192771084336,1
0.9315443592552026,0.12102957283680175,1
0.9353778751369113,0.12102957283680175,1
0.9359255202628697,0.12157721796276012,1
0.9364731653888281,0.12157721796276012,1
0.9403066812705367,0.12541073384446877,1
0.940854326396495,0.12541073384446877,1
0.9446878422782037,0.12924424972617743,1
0.9452354874041621,0.12924424972617743,1
0.9490690032858707,0.1330777656078861,1
0.9496166484118291,0.1330777656078861,1
0.9534501642935378,0.13691128148959472,1
0.9539978094194962,0.13691128148959472,1
0.9578313253012049,0.14074479737130338,1
0.9583789704271632,0.14074479737130338,1
0.9622124863088719,0.14457831325301204,1
0.9627601314348302,0.14457831325301204,1
0.9671412924424972,0.14895947426067904,1
0.9676889375684556,0.14895947426067904,1
0.9715224534501643,0.15279299014238773,1
0.9720700985761227,0.15279299014238773,1
0.9759036144578314,0.15662650602409636,1
0.9764512595837898,0.15662650602409636,1
0.9802847754654983,0.16046002190580505,1
0.9808324205914567,0.16046002190580505,1
0.9846659364731654,0.16429353778751365,1
0.9852135815991238,0.16429353778751365,1
0.988499452354874,0.16757940854326395,1
0.988499452354874,0.16812705366922234,1
0.9917853231106243,0.1714129244249726,1
0.9917853231106243,0.17196056955093098,1
0.9912376779846659,0.17250821467688937,1
0.9912376779846659,0.17360350492880613,1
0.9906900328587076,0.1741511500547645,1
0.9906900328587076,0.17524644030668127,1
0.9901423877327492,0.17579408543263966,1
0.9901423877327492,0.17634173055859803,1
0.9895947426067908,0.1768893756845564,1
0.9895947426067908,0.17798466593647316,1
0.9890470974808324,0.17853231106243156,1
0.9890470974808324,0.1790799561883899,1
0.988499452354874,0.17962760131434827,1
0.988499452354874,0.18072289156626503,1
0.9879518072289156,0.18127053669222343,1
0.9879518072289156,0.1818181818181818,1
0.9874041621029573,0.18236582694414016,1
0.9874041621029573,0.18291347207009856,1
0.9846659364731654,0.18565169769989046,1
0.984118291347207,0.18565169769989046,1
0.9819277108433735,0.18784227820372396,1
0.9704271631982475,0.18784227820372396,1
0.9698795180722891,0.18838992332968235,1
0.9687842278203724,0.18838992332968235,1
0.968236582694414,0.18893756845564075,1
0.9665936473165389,0.18893756845564075,1
0.9660460021905805,0.18948521358159912,1
0.9649507119386638,0.18948521358159912,1
0.9644030668127054,0.19003285870755748,1
0.9627601314348302,0.19003285870755748,1
0.9622124863088719,0.19058050383351588,1
0.9611171960569551,0.19058050383351588,1
0.9605695509309967,0.19112814895947428,1
0.9589266155531215,0.19112814895947428,1
0.9583789704271632,0.19167579408543264,1
0.9572836801752465,0.19167579408543264,1
0.9567360350492881,0.19222343921139098,1
0.9550930996714129,0.19222343921139098,1
0.9545454545454546,0.19277108433734935,1
0.9534501642935378,0.19277108433734935,1
0.9529025191675794,0.19331872946330775,1
0.952354874041621,0.19331872946330775,1
0.9507119386637459,0.19496166484118288,1
0.9507119386637459,0.19605695509309964,1
0.9501642935377875,0.19660460021905804,1
0.9501642935377875,0.1971522453450164,1
0.9496166484118291,0.19769989047097478,1
0.9496166484118291,0.19824753559693317,1
0.9490690032858707,0.19879518072289157,1
0.9490690032858707,0.19934282584884994,1
0.9485213581599123,0.1998904709748083,1
0.9485213581599123,0.20043811610076667,1
0.947973713033954,0.20098576122672507,1
0.947973713033954,0.20153340635268346,1
0.9474260679079957,0.20208105147864183,1
0.9474260679079957,0.2026286966046002,1
0.9468784227820373,0.20317634173055857,1
0.9468784227820373,0.20372398685651696,1
0.9452354874041621,0.20372398685651696,1
0.9446878422782037,0.20317634173055857,1
0.9430449069003286,0.20317634173055857,1
0.9424972617743702,0.2026286966046002,1
0.9414019715224534,0.2026286966046002,1
0.940854326396495,0.20208105147864183,1
0.93921139101862,0.20208105147864183,1
0.9386637458926615,0.20153340635268346,1
0.9375684556407448,0.20153340635268346,1
0.9370208105147865,0.20208105147864183,1
0.9348302300109529,0.20208105147864183,1
0.9342825848849945,0.2026286966046002,1
0.9326396495071194,0.2026286966046002,1
0.932092004381161,0.20317634173055857,1
0.9299014238773274,0.20317634173055857,1
0.9293537787513692,0.20372398685651696,1
0.9282584884994524,0.20372398685651696,1
0.927710843373494,0.20317634173055857,1
0.9271631982475356,0.20317634173055857,1
0.9266155531215772,0.2026286966046002,1
0.9255202628696605,0.2026286966046002,1
0.9249726177437021,0.20208105147864183,1
0.9238773274917853,0.20208105147864183,1
0.9233296823658269,0.20153340635268346,1
0.9227820372398685,0.20153340635268346,1
0.9222343921139102,0.20098576122672507,1
0.9211391018619934,0.20098576122672507,1
0.920591456736035,0.20043811610076667,1
0.9194961664841182,0.20043811610076667,1
0.9194961664841182,0.1998904709748083,1
0.9173055859802848,0.19769989047097478,1
0.9173055859802848,0.1971522453450164,1
0.9167579408543264,0.19660460021905804,1
0.916210295728368,0.19660460021905804,1
0.9156626506024096,0.19605695509309964,1
0.9151150054764513,0.19660460021905804,1
0.9134720700985761,0.19660460021905804,1
0.9129244249726177,0.1971522453450164,1
0.911829134720701,0.1971522453450164,1
0.9112814895947426,0.19769989047097478,1
0.9096385542168675,0.19769989047097478,1
0.9090909090909091,0.19824753559693317,1
0.9079956188389924,0.19824753559693317,1
0.907447973713034,0.19879518072289157,1
0.9069003285870756,0.19879518072289157,1
0.9063526834611172,0.19934282584884994,1
0.9052573932092004,0.19934282584884994,1
0.904709748083242,0.1998904709748083,1
0.9030668127053669,0.1998904709748083,1
0.9025191675794085,0.19934282584884994,1
0.9014238773274917,0.19934282584884994,1
0.9008762322015335,0.19879518072289157,1
0.9003285870755751,0.19879518072289157,1
0.8997809419496167,0.19824753559693317,1
0.8986856516976999,0.19824753559693317,1
0.8981380065717415,0.19769989047097478,1
0.8975903614457831,0.19769989047097478,1
0.8970427163198248,0.1971522453450164,1
0.895947426067908,0.1971522453450164,1
0.8953997809419496,0.19660460021905804,1
0.8948521358159912,0.19660460021905804,1
0.8943044906900328,0.19605695509309964,1
0.8932092004381161,0.19605695509309964,1
0.8926615553121577,0.19550930996714125,1
0.8921139101861993,0.19550930996714125,1
0.8877327491785323,0.19112814895947428,1
0.8871851040525739,0.19112814895947428,1
0.8866374589266156,0.19058050383351588,1
0.875684556407448,0.19058050383351588,1
0.8674698795180723,0.18236582694414016,1
0.8669222343921139,0.18236582694414016,1
0.8658269441401971,0.18127053669222343,1
0.8652792990142387,0.18127053669222343,1
0.8647316538882804,0.18072289156626503,1
0.8603504928806134,0.18072289156626503,1
0.8603504928806134,0.18017524644030664,1
0.859802847754655,0.17962760131434827,1
0.859802847754655,0.1790799561883899,1
0.8587075575027382,0.17798466593647316,1
0.8587075575027382,0.17743702081051474,1
0.8576122672508215,0.17634173055859803,1
0.8570646221248631,0.17634173055859803,1
0.8565169769989047,0.17579408543263966,1
0.8559693318729463,0.17579408543263966,1
0.8554216867469879,0.17524644030668127,1
0.8543263964950711,0.17524644030668127,1
0.8537787513691129,0.17469879518072287,1
0.8532311062431545,0.17469879518072287,1
0.8526834611171961,0.1741511500547645,1
0.8515881708652793,0.1741511500547645,1
0.8504928806133626,0.17305585980284774,1
0.8504928806133626,0.17250821467688937,1
0.8499452354874042,0.17196056955093098,1
0.8499452354874042,0.1714129244249726,1
0.8493975903614458,0.17086527929901424,1
0.8493975903614458,0.17031763417305584,1
0.8477546549835706,0.1686746987951807,1
0.8472070098576122,0.1686746987951807,1
0.8450164293537787,0.16648411829134718,1
0.8444687842278203,0.16648411829134718,1
0.8422782037239869,0.16429353778751365,1
0.8417305585980285,0.16429353778751365,1
0.8400876232201533,0.16265060240963855,1
0.839539978094195,0.16265060240963855,1
0.8389923329682366,0.16210295728368015,1
0.8335158817086528,0.16210295728368015,1
0.8291347207009858,0.15772179627601313,1
0.8285870755750274,0.15772179627601313,1
0.8231106243154436,0.15224534501642933,1
0.8225629791894852,0.15224534501642933,1
0.8214676889375685,0.15115005476451257,1
0.8209200438116101,0.15115005476451257,1
0.8203723986856517,0.15060240963855423,1
0.8181818181818182,0.15060240963855423,1
0.8176341730558598,0.1500547645125958,1
0.8116100766703176,0.1500547645125958,1
0.8110624315443593,0.15060240963855423,1
0.8077765607886089,0.15060240963855423,1
0.8072289156626506,0.15115005476451257,1
0.8066812705366923,0.15115005476451257,1
0.8061336254107339,0.15169769989047094,1
0.8061336254107339,0.15279299014238773,1
0.8055859802847755,0.1533406352683461,1
0.8055859802847755,0.15443592552026283,1
0.8050383351588171,0.15498357064622123,1
0.8050383351588171,0.15553121577217963,1
0.8044906900328587,0.156078860898138,1
0.8044906900328587,0.15717415115005476,1
0.80065717415115,0.16100766703176342,1
0.8001095290251917,0.16100766703176342,1
0.7995618838992333,0.1615553121577218,1
0.7951807228915663,0.1615553121577218,1
0.7924424972617744,0.1588170865279299,1
0.791894852135816,0.1588170865279299,1
0.7913472070098576,0.15826944140197152,1
0.7907995618838992,0.1588170865279299,1
0.7902519167579408,0.1588170865279299,1
0.7891566265060241,0.15991237677984665,1
0.7891566265060241,0.16046002190580505,1
0.7880613362541073,0.1615553121577218,1
0.7880613362541073,0.16210295728368015,1
0.7869660460021906,0.16319824753559695,1
0.7869660460021906,0.16374589266155531,1
0.7858707557502739,0.16484118291347205,1
0.7858707557502739,0.16538882803943042,1
0.7847754654983571,0.16648411829134718,1
0.7847754654983571,0.16703176341730555,1
0.7842278203723987,0.16757940854326395,1
0.7842278203723987,0.16812705366922234,1
0.7831325301204819,0.16922234392113908,1
0.78039430449069,0.16922234392113908,1
0.7798466593647316,0.16976998904709745,1
0.7771084337349398,0.16976998904709745,1
0.776013143483023,0.1686746987951807,1
0.7754654983570646,0.1686746987951807,1
0.7749178532311063,0.16812705366922234,1
0.7743702081051479,0.16812705366922234,1
0.7738225629791895,0.16757940854326395,1
0.7732749178532311,0.16757940854326395,1
0.7727272727272727,0.16703176341730555,1
0.768893756845564,0.16703176341730555,1
0.7683461117196057,0.16757940854326395,1
0.7656078860898138,0.16757940854326395,1
0.7650602409638554,0.16812705366922234,1
0.7623220153340635,0.16812705366922234,1
0.7617743702081051,0.1686746987951807,1
0.7595837897042717,0.1686746987951807,1
0.7590361445783133,0.16922234392113908,1
0.7584884994523549,0.16922234392113908,1
0.7579408543263965,0.16976998904709745,1
0.7562979189485214,0.16976998904709745,1
0.755750273822563,0.16922234392113908,1
0.7552026286966046,0.16922234392113908,1
0.7541073384446878,0.16812705366922234,1
0.7535596933187295,0.16812705366922234,1
0.7524644030668127,0.16703176341730555,1
0.7519167579408543,0.16703176341730555,1
0.7513691128148959,0.16648411829134718,1
0.7508214676889375,0.16648411829134718,1
0.7502738225629791,0.16593647316538881,1
0.7497261774370209,0.16648411829134718,1
0.7480832420591457,0.16648411829134718,1
0.7475355969331873,0.16703176341730555,1
0.7458926615553122,0.16703176341730555,1
0.7453450164293538,0.16757940854326395,1
0.7437020810514786,0.16757940854326395,1
0.7431544359255202,0.16812705366922234,1
0.7415115005476451,0.16812705366922234,1
0.7409638554216867,0.1686746987951807,1
0.7393209200438116,0.1686746987951807,1
0.7387732749178533,0.16922234392113908,1
0.7365826944140197,0.16922234392113908,1
0.7360350492880613,0.16976998904709745,1
0.7343921139101862,0.16976998904709745,1
0.7338444687842278,0.17031763417305584,1
0.7332968236582694,0.16976998904709745,1
0.7289156626506024,0.16976998904709745,1
0.7283680175246441,0.16922234392113908,1
0.723986856516977,0.16922234392113908,1
0.7234392113910186,0.1686746987951807,1
0.7185104052573932,0.1686746987951807,1
0.7179627601314348,0.16922234392113908,1
0.7119386637458927,0.16922234392113908,1
0.7113910186199343,0.16976998904709745,1
0.7053669222343921,0.16976998904709745,1
0.7048192771084337,0.17031763417305584,1
0.7015334063526835,0.17031763417305584,1
0.7009857612267251,0.17086527929901424,1
0.7004381161007667,0.17086527929901424,1
0.69934282584885,0.17196056955093098,1
0.6987951807228916,0.17196056955093098,1
0.6976998904709748,0.17305585980284774,1
0.6856516976998904,0.17305585980284774,1
0.6851040525739321,0.17250821467688937,1
0.6801752464403067,0.17250821467688937,1
0.6796276013143483,0.17196056955093098,1
0.6790799561883899,0.17196056955093098,1
0.6785323110624315,0.1714129244249726,1
0.6779846659364732,0.1714129244249726,1
0.6774370208105148,0.17086527929901424,1
0.6768893756845564,0.17086527929901424,1
0.676341730558598,0.1714129244249726,1
0.6757940854326396,0.1714129244249726,1
0.6746987951807228,0.17250821467688937,1
0.6741511500547646,0.17250821467688937,1
0.6725082146768894,0.1741511500547645,1
0.671960569550931,0.1741511500547645,1
0.6708652792990142,0.17524644030668127,1
0.6703176341730559,0.17524644030668127,1
0.6686746987951807,0.1768893756845564,1
0.6681270536692223,0.1768893756845564,1
0.6670317634173056,0.17798466593647316,1
0.6642935377875137,0.17798466593647316,1
0.6637458926615553,0.17853231106243156,1
0.6610076670317634,0.17853231106243156,1
0.660460021905805,0.17798466593647316,1
0.6599123767798467,0.17798466593647316,1
0.6593647316538883,0.17743702081051474,1
0.6582694414019715,0.17743702081051474,1
0.6577217962760131,0.1768893756845564,1
0.6571741511500547,0.1768893756845564,1
0.6566265060240963,0.17634173055859803,1
0.656078860898138,0.17634173055859803,1
0.6555312157721797,0.17579408543263966,1
0.6538882803943045,0.17579408543263966,1
0.6533406352683461,0.17634173055859803,1
0.6527929901423878,0.17634173055859803,1
0.6522453450164294,0.1768893756845564,1
0.6445783132530121,0.1768893756845564,1
0.6440306681270537,0.17743702081051474,1
0.6418400876232202,0.17743702081051474,1
0.6363636363636364,0.17196056955093098,1
0.635815991237678,0.17196056955093098,1
0.6352683461117196,0.1714129244249726,1
0.6325301204819277,0.1714129244249726,1
0.6319824753559693,0.17196056955093098,1
0.6292442497261774,0.17196056955093098,1
0.628696604600219,0.1714129244249726,1
0.6276013143483024,0.1714129244249726,1
0.627053669222344,0.17086527929901424,1
0.6259583789704272,0.17086527929901424,1
0.6254107338444688,0.17031763417305584,1
0.624315443592552,0.17031763417305584,1
0.6237677984665937,0.16976998904709745,1
0.6232201533406353,0.16976998904709745,1
0.6226725082146769,0.17031763417305584,1
0.6193866374589266,0.17031763417305584,1
0.6188389923329682,0.17086527929901424,1
0.615553121577218,0.17086527929901424,1
0.6150054764512596,0.1714129244249726,1
0.6117196056955093,0.1714129244249726,1
0.6111719605695509,0.17196056955093098,1
0.6106243154435925,0.17196056955093098,1
0.6095290251916758,0.17086527929901424,1
0.6089813800657174,0.17086527929901424,1
0.608433734939759,0.17031763417305584,1
0.6078860898138007,0.17086527929901424,1
0.6067907995618839,0.17086527929901424,1
0.6062431544359255,0.1714129244249726,1
0.6051478641840088,0.1714129244249726,1
0.6046002190580504,0.17196056955093098,1
0.6029572836801752,0.17196056955093098,1
0.6024096385542169,0.17250821467688937,1
0.6013143483023001,0.17250821467688937,1
0.6007667031763417,0.17305585980284774,1
0.5996714129244249,0.17305585980284774,1
0.5991237677984665,0.17360350492880613,1
0.5985761226725083,0.17360350492880613,1
0.5980284775465499,0.17305585980284774,1
0.5969331872946331,0.17305585980284774,1
0.5963855421686747,0.17250821467688937,1
0.5958378970427163,0.17250821467688937,1
0.595290251916758,0.17196056955093098,1
0.5941949616648412,0.17196056955093098,1
0.5936473165388828,0.1714129244249726,1
0.592552026286966,0.1714129244249726,1
0.5920043811610076,0.17086527929901424,1
0.5909090909090909,0.17086527929901424,1
0.5903614457831325,0.17031763417305584,1
0.5898138006571741,0.17031763417305584,1
0.5892661555312158,0.16976998904709745,1
0.588170865279299,0.16976998904709745,1
0.5876232201533407,0.16922234392113908,1
0.5848849945235487,0.16922234392113908,1
0.5843373493975904,0.16976998904709745,1
0.5826944140197152,0.16976998904709745,1
0.5821467688937568,0.17031763417305584,1
0.5805038335158818,0.17031763417305584,1
0.5799561883899234,0.17086527929901424,1
0.579408543263965,0.17086527929901424,1
0.5788608981380066,0.17031763417305584,1
0.5755750273822563,0.17031763417305584,1
0.5750273822562979,0.16976998904709745,1
0.5728368017524644,0.16976998904709745,1
0.5711938663745892,0.16812705366922234,1
0.5706462212486308,0.16812705366922234,1
0.5700985761226726,0.16757940854326395,1
0.5695509309967142,0.16757940854326395,1
0.5690032858707558,0.16703176341730555,1
0.5684556407447974,0.16757940854326395,1
0.567907995618839,0.16757940854326395,1
0.5673603504928806,0.16812705366922234,1
0.5662650602409639,0.16812705366922234,1
0.5657174151150055,0.1686746987951807,1
0.5646221248630887,0.1686746987951807,1
0.5640744797371303,0.16922234392113908,1
0.5635268346111719,0.16922234392113908,1
0.5629791894852135,0.16976998904709745,1
0.5618838992332968,0.16976998904709745,1
0.5613362541073385,0.17031763417305584,1
0.56078860898138,0.17031763417305584,1
0.5602409638554217,0.17086527929901424,1
0.5596933187294633,0.17086527929901424,1
0.556407447973713,0.1741511500547645,1
0.556407447973713,0.17469879518072287,1
0.5558598028477546,0.17524644030668127,1
0.5558598028477546,0.17634173055859803,1
0.5553121577217963,0.1768893756845564,1
0.5553121577217963,0.17853231106243156,1
0.5547645125958379,0.1790799561883899,1
0.5547645125958379,0.18017524644030664,1
0.5542168674698795,0.18072289156626503,1
0.5542168674698795,0.1818181818181818,1
0.5536692223439211,0.18236582694414016,1
0.5536692223439211,0.18291347207009856,1
0.5531215772179627,0.18346111719605696,1
0.5525739320920043,0.18346111719605696,1
0.552026286966046,0.18400876232201532,1
0.5514786418400877,0.18400876232201532,1
0.5503833515881709,0.18510405257393206,1
0.5498357064622125,0.18510405257393206,1
0.5492880613362541,0.18565169769989046,1
0.5487404162102957,0.18565169769989046,1
0.5465498357064622,0.18784227820372396,1
0.5465498357064622,0.18838992332968235,1
0.5460021905805038,0.18893756845564075,1
0.5460021905805038,0.19003285870755748,1
0.5454545454545454,0.19058050383351588,1
0.5454545454545454,0.19112814895947428,1
0.5449069003285871,0.19167579408543264,1
0.5449069003285871,0.19277108433734935,1
0.5443592552026287,0.19331872946330775,1
0.5443592552026287,0.1944140197152245,1
0.5438116100766703,0.19496166484118288,1
0.5438116100766703,0.19550930996714125,1
0.5432639649507119,0.19605695509309964,1
0.5432639649507119,0.1971522453450164,1
0.5427163198247535,0.19769989047097478,1
0.5421686746987951,0.19769989047097478,1
0.5410733844468785,0.19879518072289157,1
0.5405257393209201,0.19879518072289157,1
0.5399780941949617,0.19934282584884994,1
0.5394304490690033,0.19934282584884994,1
0.5388828039430449,0.1998904709748083,1
0.5383351588170865,0.19934282584884994,1
0.5350492880613362,0.19934282584884994,1
0.5345016429353778,0.1998904709748083,1
0.5339539978094195,0.1998904709748083,1
0.5334063526834611,0.20043811610076667,1
0.5328587075575028,0.20043811610076667,1
0.5323110624315444,0.20098576122672507,1
0.531763417305586,0.20098576122672507,1
0.5306681270536692,0.20208105147864183,1
0.5301204819277109,0.20208105147864183,1
0.5295728368017525,0.2026286966046002,1
0.5279299014238773,0.2026286966046002,1
0.5273822562979189,0.20208105147864183,1
0.5262869660460022,0.20208105147864183,1
0.5257393209200438,0.20153340635268346,1
0.524644030668127,0.20153340635268346,1
0.5240963855421686,0.20098576122672507,1
0.5235487404162102,0.20098576122672507,1
0.523001095290252,0.20153340635268346,1
0.5224534501642936,0.20153340635268346,1
0.5213581599123768,0.2026286966046002,1
0.5213581599123768,0.20317634173055857,1
0.5208105147864184,0.20372398685651696,1
0.5208105147864184,0.20481927710843373,1
0.52026286966046,0.2053669222343921,1
0.52026286966046,0.2059145673603505,1
0.5197152245345017,0.2064622124863089,1
0.5197152245345017,0.20700985761226726,1
0.5191675794085433,0.2075575027382256,1
0.5191675794085433,0.20865279299014236,1
0.5186199342825849,0.20920043811610076,1
0.5186199342825849,0.20974808324205912,1
0.5180722891566265,0.2102957283680175,1
0.5180722891566265,0.21084337349397586,1
0.5175246440306681,0.21139101861993426,1
0.5175246440306681,0.21248630887185102,1
0.5169769989047097,0.2130339539978094,1
0.5169769989047097,0.21358159912376778,1
0.5164293537787513,0.21412924424972618,1
0.5164293537787513,0.21467688937568455,1
0.515881708652793,0.21522453450164292,1
0.515881708652793,0.21577217962760128,1
0.5153340635268346,0.21631982475355968,1
0.5153340635268346,0.21741511500547644,1
0.5147864184008762,0.2179627601314348,1
0.5147864184008762,0.21851040525739318,1
0.5142387732749178,0.21905805038335158,1
0.5142387732749178,0.21960569550930997,1
0.5136911281489595,0.22015334063526834,1
0.5136911281489595,0.22070098576122668,1
0.511500547645126,0.2228915662650602,1
0.5109529025191676,0.2228915662650602,1
0.5082146768893757,0.2256297918948521,1
0.5076670317634173,0.2256297918948521,1
0.5060240963855421,0.22727272727272727,1
0.49342825848849947,0.22727272727272727,1
0.4928806133625411,0.22782037239868563,1
0.4923329682365827,0.22782037239868563,1
0.49178532311062434,0.228368017524644,1
0.49123767798466594,0.228368017524644,1
0.49014238773274915,0.22946330777656077,1
0.4895947426067908,0.22946330777656077,1
0.4890470974808324,0.23001095290251916,1
0.488499452354874,0.23001095290251916,1
0.4874041621029573,0.2311062431544359,1
0.4868565169769989,0.2311062431544359,1
0.48630887185104055,0.2316538882803943,1
0.48576122672508215,0.2316538882803943,1
0.48521358159912376,0.2322015334063527,1
0.4846659364731654,0.2322015334063527,1
0.4835706462212486,0.23329682365826943,1
0.4830230010952902,0.23329682365826943,1
0.4824753559693319,0.23384446878422782,1
0.4819277108433735,0.23384446878422782,1
0.48083242059145676,0.23493975903614459,1
0.48028477546549836,0.23493975903614459,1
0.47973713033953996,0.23548740416210295,1
0.4791894852135816,0.23548740416210295,1
0.4786418400876232,0.2360350492880613,1
0.47809419496166483,0.2360350492880613,1
0.47754654983570644,0.2365826944140197,1
0.4759036144578313,0.2365826944140197,1
0.47535596933187296,0.23713033953997806,1
0.47316538882803943,0.23713033953997806,1
0.47261774370208104,0.23767798466593645,1
0.4709748083242059,0.23767798466593645,1
0.4704271631982475,0.23822562979189482,1
0.46823658269441404,0.23822562979189482,1
0.46768893756845564,0.2387732749178532,1
0.4660460021905805,0.2387732749178532,1
0.4654983570646221,0.23932092004381159,1
0.4633077765607886,0.23932092004381159,1
0.46276013143483025,0.23986856516976995,1
0.4611171960569551,0.23986856516976995,1
0.4605695509309967,0.24041621029572835,1
0.47809419496166483,0.10405257393209198,2
0.47480832420591457,0.10076670317634173,2
0.47480832420591457,0.10021905805038334,2
0.47535596933187296,0.09967141292442497,2
0.47535596933187296,0.09912376779846657,2
0.4759036144578313,0.0985761226725082,2
0.4759036144578313,0.09802847754654984,2
0.47754654983570644,0.09802847754654984,2
0.47809419496166483,0.0985761226725082,2
0.4791894852135816,0.0985761226725082,2
0.47973713033953996,0.09802847754654984,2
0.48028477546549836,0.09802847754654984,2
0.4819277108433735,0.09638554216867468,2
0.4824753559693319,0.09638554216867468,2
0.484118291347207,0.09474260679079956,2
0.4846659364731654,0.09474260679079956,2
0.484118291347207,0.09529025191675791,2
0.484118291347207,0.09693318729463309,2
0.4835706462212486,0.09748083242059144,2
0.4835706462212486,0.09967141292442497,2
0.4830230010952902,0.10021905805038334,2
0.4830230010952902,0.10076670317634173,2
0.4824753559693319,0.10076670317634173,2
0.4813800657174151,0.1018619934282585,2
0.48083242059145676,0.1018619934282585,2
0.4791894852135816,0.10350492880613363,2
0.4786418400876232,0.10350492880613363,2
