x,y,flag
0.9997562915672464,0.0821761583750818,1
0.9978305702492104,0.0821761583750818,1
0.9959048489311748,0.0828180654810938,1
0.9934976972836298,0.0841018796931177,1
0.990930068859582,0.0855461706816446,1
0.989004347541546,0.0860276010111536,1
0.9869181494470072,0.0863485545641595,1
0.9849924281289714,0.0869904616701715,1
0.9837086139169472,0.0884347526586984,1
0.9829062300344324,0.0901999972002313,1
0.9809805087163966,0.0913233346357523,1
0.9796966945043726,0.0924466720712732,1
0.9766476357508158,0.0934095327302911,1
0.973759053773762,0.0942119166128061,1
0.9713519021262172,0.095014300495321,1
0.9686237969256662,0.095656207601333,1
0.9657352149486124,0.095656207601333,1
0.9636490168540736,0.096298114707345,1
0.9617232955360376,0.09549573082483,1
0.95915566711199,0.09549573082483,1
0.956748515464445,0.095174777271824,1
0.9541808870403972,0.0937304862832971,1
0.9519342121693554,0.0924466720712732,1
0.9485641998627924,0.0910023810827463,1
0.9458360946622416,0.0898790436472253,1
0.9432684662381938,0.0887557062117044,1
0.940219407484637,0.0873114152231775,1
0.9376517790605892,0.0857066474581476,1
0.9368493951780742,0.0834599725871057,1
0.9350199755975004,0.0821761583750818,1
0.9321313936204464,0.0808923441630579,1
0.9295637651963986,0.078966622845022,1
0.9274775671018598,0.0776828086329981,1
0.9264123711547008,0.0762672782223564,1
0.9273752318137186,0.0743415569043205,1
0.9293009531317544,0.0731647272099653,1
0.9313336589674592,0.0725228201039533,1
0.9331523957678264,0.071666943962604,1
0.934543194497519,0.0712390058919294,1
0.9358270087095428,0.0711320213742607,1
0.9359339932272116,0.0703831297505801,1
0.9348641480505248,0.0701691607152428,1
0.9333663648031636,0.0707040833035861,1
0.9321895351088084,0.0711320213742607,1
0.9311196899321218,0.0715599594449353,1
0.9299428602377664,0.071666943962604,1
0.9291186754737212,0.0720783790097402,1
0.9283341223441512,0.0725063170804148,1
0.9275495692145808,0.073290870209985,1
0.9264797240378944,0.0748599764691253,1
0.9259804629554406,0.0760724676693702,1
0.9253385558494288,0.0752879145398,1
0.9247108576246698,0.0745033614102298,1
0.9235839679688356,0.0734763170057486,1
0.9223001537568116,0.0730483789350739,1
0.9218008926743576,0.0720498567701664,1
0.9208023705094502,0.0714792726759336,1
0.9200891403916592,0.0713366266523754,1
0.9189479722031936,0.0708373655699216,1
0.9167369588380412,0.0706947195463634,1
0.9151678525789008,0.0706233965345843,1
0.913242131260865,0.0709086885817007,1
0.9114590559663872,0.0709086885817007,1
0.9095333346483514,0.0708373655699216,1
0.9079642283892112,0.0707660425581425,1
0.906680414177187,0.0706947195463634,1
0.9053965999651632,0.0714079496641545,1
0.9037561706942436,0.0714792726759336,1
0.9019873739323976,0.0718358877348291,1
0.9000616526143617,0.072406471829062,1
0.8977079932256513,0.0726917638761784,1
0.8957109488958362,0.0731910249586322,1
0.8937852275778004,0.073761609052865,1
0.8920734752951017,0.074474839170656,1
0.8880793866354718,0.0749027772413307,1
0.8851551431525284,0.0748314542295516,1
0.8827301607520388,0.0754020383237844,1
0.8800912093162119,0.0754733613355635,1
0.8780941649863968,0.0760439454297964,1
0.8755978595741282,0.0760439454297964,1
0.8738147842796504,0.0766145295240293,1
0.8706052487495906,0.0766145295240293,1
0.8686082044197756,0.0771851136182621,1
0.865541314913274,0.0772564366300412,1
0.8644001467248084,0.0766145295240293,1
0.8624031023949933,0.0768998215711457,1
0.8609053191476321,0.0772564366300412,1
0.8591935668649334,0.0780409897596114,1
0.8570538765115603,0.0779696667478323,1
0.8564832924173275,0.0786115738538443,1
0.8545575710992915,0.0783976048185069,1
0.8541296330286169,0.079110834936298,1
0.8526318497812557,0.0797527420423099,1
0.8517046506281274,0.080465972160101,1
0.850135544368987,0.0803233261365428,1
0.8489943761805213,0.0803233261365428,1
0.8474965929331599,0.0803233261365428,1
0.8456421946269033,0.0802520031247637,1
0.8438591193324255,0.0801806801129846,1
0.8430318002563393,0.0813218483014503,1
0.8416053400207573,0.0821777244427996,1
0.8398935877380588,0.0832475696194862,1
0.8381818354553601,0.0840321227490564,1
0.8366127291962198,0.0845313838315101,1
0.834758330889963,0.0852446139493012,1
0.83340319366616,0.0856725520199758,1
0.8324759945130316,0.0863144591259878,1
0.8311921803010076,0.0867423971966624,1
0.8302649811478793,0.087812242373349,1
0.8290524899476345,0.0890960565853729,1
0.8280539677827269,0.0899519327267222,1
0.8268414765824821,0.0910931009151879,1
0.826770153570703,0.0928761762096656,1
0.8266275075471448,0.095158512586597,1
0.8254150163469001,0.0968702648692956,1
0.8244164941819926,0.0988673091991106,1
0.8229187109346312,0.1003650924464718,1
0.8209929896165954,0.1014349376231584,1
0.8192812373338968,0.1028613978587406,1
0.8170702239687445,0.1048584421885556,1
0.8158577327684996,0.1059996103770213,1
0.8145739185564758,0.1074973936243825,1
0.8130761353091146,0.1087812078364064,1
0.8112930600146369,0.1105642831308841,1
0.8094386617083801,0.1122760354135827,1
0.8078695554492397,0.1132032345667111,1
0.806086480154762,0.1139877876962812,1
0.8045886969074008,0.1147723408258514,1
0.802734298601144,0.1151289558847469,1
0.7998528210647167,0.1151289558847469,1
0.796785931558215,0.1155568939554216,1
0.7937903650634925,0.1151289558847469,1
0.7893683383331879,0.1142017567316186,1
0.7859448337677908,0.1136311726373857,1
0.7810948689668116,0.1125613274606991,1
0.7766015192247279,0.1117767743311289,1
0.7708956782823992,0.1104216371073259,1
0.7673295276934439,0.1082819467539527,1
0.7644052842105006,0.106498871459475,1
0.7631927930102557,0.1054290262827884,1
0.7630501469866975,0.1035033049647525,1
0.7673295276934439,0.1034319819529734,1
0.7687559879290261,0.1030753668940779,1
0.7708243552706201,0.1024334597880659,1
0.7728213996004352,0.1014349376231584,1
0.7748184439302501,0.1002937694346927,1
0.7756029970598204,0.0988673091991106,1
0.7766728422365069,0.0968702648692956,1
0.7772434263307397,0.0945879284923642,1
0.7782419484956472,0.092448238138991,1
0.7798823777665668,0.0905938398327342,1
0.7822360371552772,0.0892387026089312,1
0.7848036655793251,0.0880262114086863,1
0.7874426170151521,0.0867423971966624,1
0.7907234755569909,0.0856725520199758,1
0.7935763960281552,0.0842460917843937,1
0.795359471322633,0.0830336005841489,1
0.7968572545699941,0.0826056625134742,1
0.7982694362729448,0.0806086181836592,1
0.7997672195203059,0.0780409897596114,1
0.8016216178265627,0.0754733613355635,1
0.804474538297727,0.0743321931470978,1
0.8072561357571122,0.0736902860410859,1
0.8099664102047183,0.072406471829062,1
0.8108222863460675,0.0701241354521305,1
0.8091818570751481,0.0672712149809663,1
0.807898042863124,0.0642043254744647,1
0.8063289366039837,0.0620646351210915,1
0.8056157064861927,0.0592830376617063,1
0.8055443834744136,0.0558595330963092,1
0.8064002596157629,0.0537911657547151,1
0.8076127508160077,0.0520080904602374,1
0.8076840738277867,0.0506529532364343,1
0.8056870294979719,0.052436028530912,1
0.804545861309506,0.0542191038253897,1
0.8040466002270523,0.0575712853790077,1
0.8043318922741689,0.0599962677794973,1
0.8049737993801808,0.0614940510268586,1
0.8062576135922047,0.06377638740379,1
0.8075414278042286,0.0662726928160588,1
0.8090392110515899,0.0694822283461185,1
0.8101803792400556,0.0710513346052589,1
0.8087539190044735,0.0723351488172829,1
0.807184812745333,0.0723351488172829,1
0.8051877684155181,0.0733336709821903,1
0.8036899851681568,0.0736902860410859,1
0.8019069098736792,0.0745461621824352,1
0.8002664806027596,0.0749027772413307,1
0.7985547283200611,0.0774704056653785,1
0.7969856220609207,0.0799667110776473,1
0.7960584229077924,0.0818211093839041,1
0.7942753476133148,0.0819637554074623,1
0.792492272318837,0.0833188926312653,1
0.7909944890714758,0.0836041846783817,1
0.7889974447416608,0.0842460917843937,1
0.7872143694471831,0.0849593219021848,1
0.7855739401762636,0.0860291670788713,1
0.7842901259642397,0.0869563662319997,1
0.7826496966933203,0.0878835653851281,1
0.7816511745284129,0.0883828264675819,1
0.7795828071868187,0.0897379636913849,1
0.7776570858687828,0.0913783929623044,1
0.7768725327392126,0.0934467603038985,1
0.7760879796096425,0.0960143887279463,1
0.7750181344329559,0.0980114330577613,1
0.7740196122680485,0.0995805393169017,1
0.771737275891117,0.10050773847003,1
0.7697402315613019,0.1014349376231584,1
0.7671012801254751,0.1021481677409495,1
0.7652468818192182,0.1014349376231584,1
0.763749098571857,0.1012209685878211,1
0.7628218994187287,0.1001511234111345,1
0.7641057136307525,0.0981540790813195,1
0.7658887889252302,0.0953724816219344,1
0.7658774531633484,0.0914196265784891,1
0.7663588834928574,0.0874077071659144,1
0.7655564996103423,0.0840376948593516,1
0.7645936389513245,0.0793838683407649,1
0.7633098247393006,0.0747300418221781,1
0.7625074408567857,0.0700762153035914,1
0.7618655337507737,0.0652619120085017,1
0.7599398124327378,0.0626942835844539,1
0.7594904696227494,0.0580404570658671,1
0.7575647483047133,0.0535471073237834,1
0.7551575966571685,0.0490537575816997,1
0.7521085379036118,0.0455232684986339,1
0.7476151881615279,0.04263468652158,1
0.7434427919724503,0.0415113490860591,1
0.7386284886773605,0.0407089652035442,1
0.7315675105112289,0.0402275348740352,1
0.7251484394511094,0.0395856277680232,1
0.7187293683909898,0.0379808600029933,1
0.7110264831188462,0.0357341851319514,1
0.7020397836346787,0.0383018135559993,1
0.695460235798056,0.0389437206620113,1
0.6904854557264634,0.0405484884270412,1
0.6863130595373858,0.0421532561920711,1
0.6834244775603319,0.0411903955330532,1
0.678931127818248,0.0378203832264903,1
0.6778231354520949,0.0362978519736381,1
0.6756834450987217,0.0355489603499575,1
0.672152956015656,0.0343721306556022,1
0.6681945288619155,0.0330883164435783,1
0.6635941946021631,0.0324464093375663,1
0.6593148138954167,0.0323394248198977,1
0.654821464153333,0.0344791151732709,1
0.6524678047646224,0.0355489603499575,1
0.6500071608582433,0.0355489603499575,1
0.6480814395402075,0.0342651461379336,1
0.644123012386467,0.0344791151732709,1
0.6402502041899818,0.0311625951255424,1
0.6375755912482653,0.0306276725371991,1
0.632012396329495,0.0273111524894707,1
0.6288028607994353,0.0287019512191633,1
0.6238815729866769,0.0283809976661572,1
0.6202440993859424,0.0284879821838259,1
0.6169275793382138,0.0282740131484886,1
0.6139320128434915,0.0283809976661572,1
0.6127551831491362,0.027846075077814,1
0.6071919882303658,0.0277390905601453,1
0.6030195920412881,0.0276321060424766,1
0.5982052887461984,0.0277390905601453,1
0.5957446448398191,0.0291298892898379,1
0.5941398770747892,0.0300927499488558,1
0.592642093827428,0.0313765641608797,1
0.5913582796154041,0.0329813319259097,1
0.5895823261743975,0.033516254514253,1
0.5871216822680184,0.0342651461379336,1
0.5843400848086332,0.0354419758322889,1
0.5814515028315794,0.0357629293852948,1
0.5792048279605375,0.0352280067969515,1
0.576209261465815,0.0356559448676261,1
0.5735346485240985,0.0359768984206321,1
0.571180989135388,0.0366188055266441,1
0.5686133607113402,0.0377956352209994,1
0.5666876393933042,0.0389724649153546,1
0.5646549335575997,0.0400423100920412,1
0.5625152432042265,0.0416470778570711,1
0.5605895218861906,0.0428239075514264,1
0.5590917386388293,0.0436797836927757,1
0.5574869708737995,0.0449635979047996,1
0.5554542650380949,0.0434658146574384,1
0.5550263269674203,0.0422889849630831,1
0.5532717913253611,0.0402134957680179,1
0.5515600390426625,0.0370039602379581,1
0.5493133641716207,0.0342223627785729,1
0.5457828750885548,0.0312267962838504,1
0.5434292156998444,0.0295150440011519,1
0.5390428504754292,0.0281242452714593,1
0.5351914078393575,0.0280172607537906,1
0.5340145781450022,0.0285521833421339,1
0.5323028258623037,0.0279102762361219,1
0.5297351974382558,0.0280172607537906,1
0.5271675690142079,0.0264124929887607,1
0.5224602502367869,0.0260915394357547,1
0.5217113586131062,0.0271613846124413,1
0.5201065908480763,0.0267334465417667,1
0.5191437301890585,0.0258775704004174,1
0.5065195571041565,0.0261985239534234,1
0.5059846345158132,0.0252356632944054,1
0.5028392740247943,0.026305508471092,1
0.498880846871054,0.0264124929887607,1
0.4955643268233255,0.0278032917184533,1
0.4918198687049224,0.0288731368951399,1
0.4883963641395252,0.0299429820718265,1
0.4849728595741281,0.0314407653191877,1
0.4803725253143757,0.0318687033898624,1
0.475558222019286,0.031975687907531,1
0.470208996135853,0.0335804556725609,1
0.4657156463937693,0.0331525176018863,1
0.4618642037576975,0.0358271305436028,1
0.4597245134043243,0.0365760221672834,1
0.458547683709969,0.0351852234375909,1
0.4567289469096018,0.0361480840966088,1
0.4553381481799092,0.0352922079552595,1
0.4534124268618733,0.0341153782609043,1
0.4468863712840851,0.0330455330842177,1
0.442564207217978,0.0363620531319461,1
0.4389267336172435,0.0404274648033552,1
0.4347543374281657,0.0423531861213911,1
0.4307959102744254,0.0431020777450717,1
0.4259816069793357,0.044278907439427,1
0.4225581024139385,0.0459906597221256,1
0.41924158236621,0.0488792416991794,1
0.4158180778008129,0.0490932107345167,1
0.4123945732354158,0.048986226216848,1
0.4114317125763979,0.0484513036285048,1
0.4096129757760306,0.0498421023581973,1
0.4074732854226574,0.04962813332286,1
0.4051196260339469,0.0484513036285048,1
0.397844678832478,0.0518748081939019,1
0.3961329265497794,0.0538005295119377,1
0.3888579793483105,0.0564751424536543,1
0.3837227225002148,0.0541214830649437,1
0.3798926715438234,0.054977359206293,1
0.3775390121551129,0.0562611734183169,1
0.3759342443900829,0.0594707089483767,1
0.3742224921073844,0.0619313528547559,1
0.3728316933776917,0.0617173838194186,1
0.3711199410949933,0.0596846779837141,1
0.3690872352592887,0.0580799102186842,1
0.3674824674942588,0.0566891114889916,1
0.3656637306938916,0.0558332353476423,1
0.3630961022698438,0.0557262508299736,1
0.3602075202927899,0.0558332353476423,1
0.3576398918687419,0.0562611734183169,1
0.3549652789270255,0.0574380031126722,1
0.3531465421266583,0.0585078482893588,1
0.3515417743616285,0.0598986470190514,1
0.3498300220789299,0.0613964302664126,1
0.3473479864928703,0.0594707089483767,1
0.3445663890334852,0.0578659411833468,1
0.3403939928444074,0.0569030805243289,1
0.3363285811729983,0.0573310185950035,1
0.3325841230545953,0.0573310185950035,1
0.3294815720422041,0.0578659411833468,1
0.3263790210298129,0.0563681579359856,1
0.3216717022523919,0.0570100650419976,1
0.3167504144396335,0.0574380031126722,1
0.3133269098742363,0.0592567399130394,1
0.3123640492152184,0.0636431051374545,1
0.3150386621569349,0.0658897800084963,1
0.3122570646975497,0.066638671632177,1
0.3105453124148512,0.0689923310208875,1
0.3101173743441766,0.072629804621622,1
0.3095824517558333,0.0763742627400251,1
0.3090475291674899,0.0791558601994102,1
0.3076567304377973,0.0784069685757296,1
0.3046611639430749,0.0786209376110669,1
0.3041262413547316,0.0816165041057894,1
0.3010664737017011,0.0827933338001447,1
0.2994617059366712,0.0834352409061566,1
0.2971080465479607,0.0822584112118014,1
0.2941124800532382,0.0815095195881208,1
0.2924007277705396,0.0825793647648074,1
0.2924007277705396,0.0857889002948671,1
0.2902610374171664,0.0875006525775657,1
0.2881213470637932,0.0901752655192822,1
0.285018796051402,0.0909241571429628,1
0.2824511676273542,0.0923149558726555,1
0.2804184617916497,0.093705754602348,1
0.2788136940266198,0.093705754602348,1
0.2762888620215661,0.0963803675440646,1
0.2741491716681928,0.0984130733797691,1
0.2713675742088077,0.0994829185564557,1
0.2674947268334221,0.0989479959681124,1
0.2628943925736697,0.0985200578974377,1
0.2597918415612786,0.0980921198267631,1
0.2550845227838575,0.0979851353090944,1
0.2504841885241051,0.0979851353090944,1
0.2440651174639855,0.0978781507914258,1
0.2379669999568719,0.0978781507914258,1
0.23572032508583,0.0987340269327751,1
0.2321898360027642,0.0986270424151064,1
0.2315479288967523,0.0978781507914258,1
0.2276964862606804,0.0981991043444318,1
0.2260917184956506,0.099054980485781,1
0.2238450436246087,0.0986270424151064,1
0.2215983687535668,0.0981991043444318,1
0.2186242069981582,0.0987340269327751,1
0.215521655985767,0.0995899030741244,1
0.2132749811147252,0.100338794697805,1
0.21049338365534,0.1009807018038169,1
0.2069628945722742,0.1015156243921602,1
0.2050371732542383,0.1025854695688468,1
0.2026835138655278,0.1037622992632021,1
0.2006508080298233,0.105046113475226,1
0.199153024782462,0.1051530979928947,1
0.1993669938177993,0.1064369122049186,1
0.1970133344290888,0.1071858038285992,1
0.1950876131110529,0.1100743858056531,1
0.1938037988990289,0.1126420142297009,1
0.1915571240279872,0.1166004413834413,1
0.187812665909584,0.1141397974770622,1
0.1852450374855362,0.1123210606766949,1
0.1803237496727777,0.1121070916413576,1
0.1772211986603867,0.1108232774293337,1
0.1736907095773209,0.1117861380883516,1
0.1712300656709417,0.1115721690530143,1
0.1678707426744023,0.111037246464671,1
0.1634843774499872,0.1131769368180442,1
0.159098012225572,0.1131769368180442,1
0.1583491206018915,0.1127489987473695,1
0.1552465695895004,0.1126420142297009,1
0.1529998947184585,0.1131769368180442,1
0.1511811579180913,0.1144607510300681,1
0.1492554366000554,0.1132839213357129,1
0.1458319320346583,0.1131769368180442,1
0.1428363655399358,0.1137118594063875,1
0.1403757216335566,0.1141397974770622,1
0.1374871396565028,0.1144607510300681,1
0.1351334802677923,0.1147817045830741,1
0.1319239447377325,0.1148886891007428,1
0.1291423472783473,0.1148886891007428,1
0.1274305949956487,0.1145677355477368,1
0.1249913492987666,0.1139258284417248,1
0.1216748292510381,0.1129629677827069,1
0.1183583092033097,0.1111442309823397,1
0.1152557581909184,0.1120001071236889,1
0.1133300368728826,0.1128559832650382,1
0.1110833620018408,0.1129629677827069,1
0.1087297026131303,0.1153166271714174,1
0.106910965812763,0.1168144104187787,1
0.0986731579522762,0.1168144104187787,1
0.0954636224222164,0.1151026581360801,1
0.0932169475511744,0.1137118594063875,1
0.0900074120211147,0.1132839213357129,1
0.0886166132914221,0.1141397974770622,1
0.0865839074557176,0.1140328129593935,1
0.0860489848673743,0.1131769368180442,1
0.0829464338549831,0.1131769368180442,1
0.0799508673602606,0.1131769368180442,1
0.0757142798076,0.1126420142297009,1
0.0734676049365581,0.1122140761590262,1
0.070686007477173,0.1118931226060203,1
0.0677974255001191,0.1133909058533815,1
0.0670485338764385,0.1169213949364473,1
0.0649088435230653,0.1187401317368145,1
0.0627691531696921,0.1198099769135011,1
0.0606294628163189,0.1201309304665071,1
0.0589177105336203,0.1233404659965669,1
0.0580618343922711,0.1213077601608624,1
0.0559221440388979,0.1195960078781638,1
0.0531405465795127,0.1175633020424593,1
0.0511078407438082,0.1169213949364473,1
0.0488611658727663,0.117028379454116,1
0.0455446458250378,0.1177772710777966,1
0.0441538470953452,0.1166004413834413,1
0.0413722496359601,0.117349333007122,1
0.0392325592825869,0.1187401317368145,1
0.0377347760352256,0.1204518840195131,1
0.0371998534468823,0.1222706208198803,1
0.0388046212119122,0.1236614195495729,1
0.0367719153762077,0.1251592027969341,1
0.0345252405051658,0.1259080944206148,1
0.0332414262931419,0.1234474505142356,1
0.031315704975106,0.1213077601608624,1
0.0286410920333895,0.1208798220901877,1
0.0257525100563357,0.1209868066078564,1
0.0246826648796491,0.1216287137138684,1
0.0209382067612459,0.1216287137138684,1
0.0188841027160443,0.1206658530548504,1
0.0162094897743278,0.1201309304665071,1
0.0146047220092979,0.1221636363022117,1
0.0119301090675814,0.1238753885849102,1
0.0080786664315096,0.1255871408676088,1
0.0034783321717572,0.1271919086326387,1
0.002301502477402,0.1285827073623313,1
0.0024084869950706,0.1306154131980358,1
0.0067948522194857,0.1311503357863791,1
0.0102183567848828,0.1302944596450299,1
0.0137488458679486,0.1304014441626985,1
0.0170653659156771,0.1304014441626985,1
0.019312040786719,0.1309363667510418,1
0.0208098240340802,0.1307223977157045,1
0.024340313117146,0.1290106454330059,1
0.0286196938238924,0.1278338157386506,1
0.0320431983892895,0.1272988931503074,1
0.0352527339193493,0.1268709550796327,1
0.0367505171667106,0.1264430170089581,1
0.0391041765554211,0.1246242802085908,1
0.041029897873457,0.1252661873146028,1
0.0433835572621675,0.1266569860442954,1
0.0450953095448661,0.1272988931503074,1
0.0477699224865826,0.1264430170089581,1
0.0508724734989736,0.1258011099029461,1
0.0527981948170096,0.1262290479736208,1
0.0541889935467022,0.1272988931503074,1
0.0566496374530814,0.1267639705619641,1
0.0600731420184785,0.12708492411497,1
0.0628547394778637,0.1263360324912894,1
0.0662782440432608,0.1255871408676088,1
0.0698087331263266,0.1246242802085908,1
0.073767160280067,0.1236614195495729,1
0.0775116183984702,0.1233404659965669,1
0.0820263679825051,0.1231264969612296,1
0.0866267022422575,0.1231264969612296,1
0.0897292532546487,0.1238753885849102,1
0.0927248197493711,0.1238753885849102,1
0.0961483243147683,0.1231264969612296,1
0.0997857979155028,0.1231264969612296,1
0.1041721631399178,0.1221636363022117,1
0.1077026522229836,0.1230195124435609,1
0.112944893588748,0.1249452337615968,1
0.1170103052601571,0.1254801563499402,1
0.1207547633785602,0.1255871408676088,1
0.1217176240375781,0.1248382492439282,1
0.1265319273326678,0.1250522182792655,1
0.1322021067691068,0.1247312647262595,1
0.1341278280871427,0.1251592027969341,1
0.1372303790995339,0.1231264969612296,1
0.1397980075235817,0.1250522182792655,1
0.1423656375800837,0.1248382492439282,1
0.1453612040748062,0.1240893576202475,1
0.1469659718398361,0.1240893576202475,1
0.1484637550871974,0.1247312647262595,1
0.1502824918875646,0.1248382492439282,1
0.1519942441702632,0.1237684040672416,1
0.1541339345236364,0.1243033266555849,1
0.1539199654882991,0.1275128621856447,1
0.1564875939123469,0.1267639705619641,1
0.1592691913717321,0.1252661873146028,1
0.1606599901014246,0.1244103111732535,1
0.1604460210660872,0.1268709550796327,1
0.1603390365484187,0.1286896918799999,1
0.1622647578664545,0.1291176299506746,1
0.1646184172551651,0.1284757228446626,1
0.1663301695378635,0.128047784773988,1
0.1688977979619115,0.1286896918799999,1
0.1703955812092727,0.1294385835036806,1
0.1717863799389653,0.1313643048217165,1
0.1744609928806818,0.1313643048217165,1
0.1767076677517237,0.1318992274100598,1
0.1782054509990849,0.1324341499984031,1
0.1804521258701268,0.1324341499984031,1
0.1821638781528254,0.1326481190337404,1
0.1835546768825179,0.1335039951750896,1
0.1852664291652165,0.1320062119277284,1
0.1877270730715957,0.1314712893393851,1
0.1900807324603062,0.1318992274100598,1
0.1902947014956435,0.134038917763433,1
0.1934400489270288,0.1344668493042908,1
0.1969705380100946,0.1347878028572968,1
0.2008219806461664,0.1356436789986461,1
0.2041385006938948,0.1366065396576641,1
0.2076689897769607,0.1367135241753327,1
0.2115204324130325,0.1341458957512849,1
0.2151579060137669,0.131578267327237,1
0.2183674415438267,0.1295455614915325,1
0.2200791938265253,0.1283687317971772,1
0.2214699925562178,0.1294385769738638,1
0.2244655590509402,0.1272988866204906,1
0.2269262029573195,0.1255871343377921,1
0.229600815899036,0.1235544285020875,1
0.2327033669114272,0.1218426762193889,1
0.2362338559944929,0.120558862007365,1
0.2389084689362095,0.1213077536310456,1
0.2382665618301975,0.1255871343377921,1
0.2371967166535109,0.1278338092088339,1
0.2370897321358422,0.1292246079385265,1
0.2392294224892154,0.1298665150445384,1
0.2399783141128961,0.1321131899155803,1
0.2398713295952274,0.1354297099633088,1
0.2400852986305647,0.1389601990463746,1
0.2442576948196425,0.1409929048820791,1
0.2498208897384128,0.1416348119880911,1
0.2533513788214786,0.1414208429527538,1
0.2594708880082726,0.1408859203644105,1
0.2655690055153862,0.1401370287407298,1
0.269420448151458,0.1398160751877239,1
0.2725229991638491,0.1394951216347179,1
0.275090627587897,0.1389601990463746,1
0.2770163489059329,0.1379973383873566,1
0.2793700082946434,0.1391741680817119,1
0.2814027141303479,0.1401370287407298,1
0.2820446212363599,0.1423837036117717,1
0.2842912961074018,0.1424906881294404,1
0.2892125839201601,0.1408859203644105,1
0.2941338717329185,0.1409929048820791,1
0.297450391780647,0.1409929048820791,1
0.3000180202046948,0.1402440132583985,1
0.3042546175520806,0.1397090906700552,1
0.308854951811833,0.1409929048820791,1
0.3130273480009107,0.1406719513290732,1
0.3166648216016451,0.1401370287407298,1
0.319874357131705,0.1397090906700552,1
0.3219070629674095,0.1405649668114045,1
0.3237257997677767,0.1420627500587657,1
0.3268283507801679,0.142597672647109,1
0.3306797934162397,0.143560533306127,1
0.3342102824993055,0.1446303784828136,1
0.3370988644763593,0.1448443475181509,1
0.3407363380770937,0.1434535487884583,1
0.3441598426424909,0.1414208429527538,1
0.3475833472078879,0.1402440132583985,1
0.3514347898439598,0.1379973383873566,1
0.3557078137740979,0.1364383772868437,1
0.3597999715749241,0.1354755166278257,1
0.3638921293757504,0.1357162317925802,1
0.3670214265175587,0.1369198076163526,1
0.3694285781651035,0.139086244099143,1
0.3737614511306843,0.1410119654171789,1
0.3788164695905285,0.1378826682753706,1
0.3838714880503727,0.1369198076163526,1
0.388445076180708,0.1381233834401251,1
0.393981524970061,0.1381233834401251,1
0.3963886766176059,0.1381233834401251,1
0.4002401192536777,0.1371605227811071,1
0.4040915618897495,0.1361976621220892,1
0.4069801438668033,0.1333090801450354,1
0.4091465803495937,0.1354755166278257,1
0.4110723016676296,0.139086244099143,1
0.4154051746332103,0.1412526805819334,1
0.420700908257809,0.1439005473942327,1
0.4252744963881443,0.1453448383827597,1
0.4303295148479884,0.1446226928884962,1
0.4358659636373416,0.1458262687122686,1
0.4404395517676767,0.1477519900303045,1
0.4442909944037486,0.1501591416778494,1
0.4500681583578563,0.1511220023368673,1
0.4558453223119639,0.1499184265130949,1
0.4611410559365626,0.1516034326663763,1
0.4625853469250895,0.1547327298081846,1
0.4630667772545985,0.1581027421147474,1
0.4671589350554248,0.1583434572795019,1
0.4700475170324785,0.1617134695860647,1
0.4734175293390414,0.164361336398364,1
0.4775096871398676,0.1648427667278729,1
0.4821314065494836,0.1682127790344358,1
0.4893528614921181,0.1689349245286992,1
0.4963336012699982,0.1686942093639448,1
0.5013886197298424,0.1686942093639448,1
0.5057214926954232,0.1686942093639448,1
0.5100543656610039,0.1701385003524717,1
0.5153500992856026,0.1703792155172261,1
0.5194422570864289,0.1706199306819806,1
0.5235344148872552,0.1701385003524717,1
0.5271451423585723,0.1735085126590345,1
0.5322001608184166,0.1744713733180524,1
0.5360516034544884,0.1766378098008428,1
0.5399030460905602,0.1792856766131421,1
0.5562716772938652,0.1833778344139684,1
0.5579566834471466,0.1877107073795491,1
0.5699924416848708,0.1930064410041478,1
0.5810653392635772,0.1913214348508664,1
0.5839539212406311,0.1939693016631657,1
0.5887682245357206,0.1966171684754651,1
0.5959896794783553,0.1942100168279202,1
0.6024889889267264,0.1930064410041478,1
0.6099511590341155,0.1961357381459561,1
0.6162097533177322,0.1968578836402196,1
0.6234312082603667,0.1992650352877644,1
0.6277640812259473,0.2016721869353093,1
0.6349374342734766,0.2016721869353093,1
0.6414367437218478,0.2035979082533452,1
0.6474546228407098,0.2050421992418721,1
0.6549167929480989,0.2076900660541714,1
0.6592496659136796,0.206486490230399,1
0.6664711208563142,0.2110600783607342,1
0.6736925757989487,0.2165965271500874,1
0.6801918852473199,0.2180408181386143,1
0.6854876188719186,0.2192443939623868,1
0.6910240676612718,0.2240586972574764,1
0.6982455226039064,0.2250215579164944,1
0.7040226865580139,0.2267065640697758,1
0.7069112685350678,0.2324837280238834,1
0.7141327234777024,0.2368166009894642,1
0.7208727480908279,0.2399458981312725,1
0.728334918198217,0.2425937649435718,1
0.7370006641293786,0.2447602014263622,1
0.7408521067654503,0.2447602014263622,1
0.7478328465433304,0.2483709288976795,1
0.7521657195089111,0.2507780805452244,1
0.7567393076392462,0.2507780805452244,1
0.7596278896163002,0.2522223715337513,1
0.7603500351105636,0.2469266379091526,1
0.7634311422047405,0.2452416317558712,1
0.7643940028637584,0.2433159104378353,1
0.7687268758293391,0.2416309042845539,1
0.7749854701129558,0.2418716194493084,1
0.778596197584273,0.2394644678017635,1
0.7826883553850992,0.2421123346140629,1
0.787984089009698,0.2433159104378353,1
0.7915948164810153,0.2430751952730808,1
0.7953981278378062,0.2421123346140629,1
0.7994902856386326,0.2409087587902904,1
0.8031010131099497,0.2385016071427456,1
0.808156031569794,0.2363351706599552,1
0.8122481893706203,0.2344094493419193,1
0.815618201677183,0.2327244431886379,1
0.8185067836542368,0.2303172915410931,1
0.8209139353017817,0.2267065640697758,1
0.8228396566198176,0.222855121433704,1
0.8245246627730991,0.2190036787976322,1
0.8262096689263805,0.2158743816558239,1
0.8298203963976977,0.2141893755025425,1
0.8336718390337694,0.2120229390197522,1
0.8348754148575419,0.2096157873722073,1
0.8358382755165599,0.206486490230399,1
0.8387268574936136,0.2033571930885907,1
0.8411340091411585,0.2009500414410458,1
0.8425783001296854,0.1995057504525189,1
0.841856154635422,0.1954135926516927,1
0.8433004456239489,0.1927657258393933,1
0.8449854517772303,0.190117859027094,1
0.8464297427657572,0.1881921377090581,1
0.8473926034247752,0.1836185495787229,1
0.8478740337542842,0.1804892524369145,1
0.8492220621842496,0.1778413856246152,1
0.8521106441613033,0.1759156643065793,1
0.8564435171268842,0.1747120884828069,1
0.8612578204219739,0.1730270823295255,1
0.8660721237170635,0.1715827913409986,1
0.868719990529363,0.1715827913409986,1
0.8704049966826444,0.1674906335401723,1
0.8701642815178898,0.163879906068855,1
0.8728121483301892,0.1602691785975377,1
0.8754600151424885,0.1621948999155736,1
0.8771450212957699,0.1641206212336095,1
0.8800336032728237,0.1593063179385198,1
0.8824407549203686,0.1544920146434301,1
0.8843664762384045,0.1501591416778494,1
0.8882179188744762,0.14751127486555,1
0.8899029250277576,0.1470298445360411,1
0.8913953472955652,0.1434191170647238,1
0.8928396382840921,0.1383640986048795,1
0.8942839292726191,0.1345126559688078,1
0.8974132264144274,0.1323462194860174,1
0.8998203780619722,0.1309019284974905,1
0.9017460993800082,0.1280133465204367,1
0.9053568268513252,0.1248840493786284,1
0.9092082694873972,0.122717612895838,1
0.9113747059701875,0.1193476005892752,1
0.9137818576177325,0.114292582129431,1
0.9188368760775768,0.1140518669646765,1
0.9236511793726664,0.1140518669646765,1
0.928946912997265,0.1135704366351676,1
0.9352055072808816,0.114292582129431,1
0.9400198105759712,0.1140518669646765,1
0.9450748290358156,0.1128482911409041,1
0.9494077020013962,0.1106818546581137,1
0.953740574966977,0.1087561333400778,1
0.9583141630973124,0.1073118423515509,1
0.962165605733384,0.1056268361982695,1
0.9662577635342102,0.1034603997154791,1
0.9686649151817552,0.1008125329031798,1
0.9737199336415994,0.0988868115851439,1
0.9773306611129166,0.0976832357613715,1
0.9793157972335812,0.0973695259517493,1
0.9814554875869542,0.0968702648692956,1
0.9821687177047452,0.0950158665630388,1
0.9835951779403276,0.0933754372921194,1
0.9850216381759096,0.0917350080211999,1
0.9856635452819216,0.0905225168209551,1
0.9878032356352948,0.0901659017620596,1
0.9898716029768888,0.0890247335735938,1
0.9918686473067038,0.0883115034558028,1
0.993937014648298,0.0873843043026744,1
0.9955774439192174,0.0865997511731042,1
0.9975031652372532,0.0856012290081967,1
0.9995715325788472,0.0859578440670923,1
0.2807561382053581,0.0978386976386088,2
0.283805196958915,0.0978386976386088,2
0.2879775931479927,0.0984806047446207,2
0.2913476054545555,0.0989620350741297,2
0.2935942803255974,0.0997644189566446,2
0.2984085836206871,0.1000853725096506,2
0.3009762120447349,0.0994434654036387,2
0.3038647940217888,0.0997644189566446,2
0.3072348063283515,0.0997644189566446,2
0.3098024347523993,0.0984806047446207,2
0.3128514935059562,0.0994434654036387,2
0.3157400754830101,0.1000853725096506,2
0.3181472271305549,0.0997644189566446,2
0.3199124716720878,0.0991225118506327,2
0.3224801000961357,0.0997644189566446,2
0.3250477285201835,0.1004063260626566,2
0.3274548801677284,0.0999248957331476,2
0.3300225085917762,0.1004063260626566,2
0.3322691834628181,0.1015296634981775,2
0.333713474451345,0.1023320473806925,2
0.3370834867579078,0.1013691867216746,2
0.3410954061704825,0.1020110938276865,2
0.3447863720300513,0.1048996758047403,2
0.3499216288781469,0.1036158615927164,2
0.3518473501961829,0.1036158615927164,2
0.3555383160557517,0.1028134777102015,2
0.3556987928322547,0.1002458492861536,2
0.3542545018437278,0.0981596511916147,2
0.3571430838207816,0.0978386976386088,2
0.3601921425743384,0.0965548834265848,2
0.3635621548809012,0.0962339298735789,2
0.3654878761989371,0.0971967905325968,2
0.3640435852104102,0.0997644189566446,2
0.3646854923164221,0.1020110938276865,2
0.3678629207375112,0.0983201279681177,2
0.3721957937030919,0.0968758369795908,2
0.3765286666686727,0.0975177440856027,2
0.3802196325282414,0.0991225118506327,2
0.3837501216113072,0.1010482331686686,2
0.3874410874708761,0.1034553848162134,2
0.3888853784594029,0.1063439667932673,2
0.3928972978719776,0.1063439667932673,2
0.3975511243905644,0.1074673042287882,2
0.4022049509091512,0.1074673042287882,2
0.403809718674181,0.1061834900167642,2
0.4076290737907323,0.1071463506757822,2
0.4116409932033071,0.1074673042287882,2
0.4161343429453908,0.110195409429339,2
0.4193438784754506,0.110676839758848,2
0.4238372282175343,0.110676839758848,2
0.4276886708536061,0.1148492359479257,2
0.4304167760541569,0.1183797250309915,2
0.4342682186902287,0.1182192482544885,2
0.4369963238907796,0.1196635392430155,2
0.4403663361973423,0.1207868766785364,2
0.4437363485039052,0.1206263999020334,2
0.4426130110683842,0.1251197496441171,2
0.4466249304809589,0.1265640406326441,2
0.4493530356815098,0.126724517409147,2
0.4533649550940846,0.1254407031971231,2
0.4572163977301564,0.126243087079638,2
0.4613887939192341,0.126724517409147,2
0.462993561684264,0.1259221335266321,2
0.4657858419238558,0.1265640406326441,2
0.4701187148894365,0.128008331621171,2
0.4717234826544664,0.1260826103031351,2
0.4670696561358798,0.1236754586555902,2
0.4653044115943469,0.1214287837845483,2
0.4683534703479037,0.1204659231255304,2
0.4688349006774127,0.1223916444435663,2
0.4706001452189455,0.1207868766785364,2
0.4736492039725024,0.1190216321370035,2
0.4765377859495562,0.1177378179249796,2
0.4750934949610293,0.1153306662774347,2
0.4715630058779635,0.1158120966069437,2
0.4685139471244067,0.1151701895009317,2
0.4665882258063708,0.1140468520654108,2
0.4654648883708497,0.1122816075238779,2
0.4640205973823229,0.110355886205842,2
0.461934399287784,0.1089115952173151,2
0.4584039102047182,0.1073068274522852,2
0.4550338978981555,0.1048996758047403,2
0.4518243623680957,0.1057020596872553,2
0.447331012626012,0.1058625364637583,2
0.4450843377549701,0.1055415829107523,2
0.4435437646184314,0.1039368151457224,2
0.4414575665238925,0.1023320473806925,2
0.4390504148763477,0.0997644189566446,2
0.4366432632288028,0.0984806047446207,2
0.4347175419107669,0.0962339298735789,2
0.4334337276987429,0.093505824673028,2
0.4319894367102161,0.0912591498019861,2
0.4300637153921802,0.0885310446014353,2
0.4255703656500965,0.0894939052604533,2
0.4226817836730426,0.0906172426959742,2
0.4185093874839649,0.0914196265784891,2
0.4156208055069111,0.0906172426959742,2
0.4138555609653782,0.0882100910484293,2
0.4122507932003483,0.0867658000599024,2
0.4085598273407795,0.0874077071659144,2
0.4056712453637257,0.0866053232833994,2
0.4023012330571628,0.0850005555183695,2
0.400375511739127,0.0835562645298426,2
0.399573127856612,0.0814700664353037,2
0.3970054994325642,0.0797048218937708,2
0.3937959639025044,0.0782605309052439,2
0.3921911961374745,0.0801862522232798,2
0.3945983477850193,0.0837167413063456,2
0.3965240691030552,0.0856424626243815,2
0.3923516729139775,0.0869262768364054,2
0.3891421373839177,0.0869262768364054,2
0.3844883108653309,0.0866053232833994,2
0.3811182985587681,0.0859634161773874,2
0.3772026808836554,0.0856424626243815,2
0.3741536221300985,0.0835562645298426,2
0.3709440866000387,0.0830748342003336,2
0.3691788420585059,0.0817910199883097,2
0.3658088297519431,0.0814700664353037,2
0.3625992942218833,0.0814700664353037,2
0.3606735729038474,0.0814700664353037,2
0.3593897586918234,0.0811491128822977,2
0.3579454677032965,0.0789024380112559,2
0.3555383160557517,0.0782605309052439,2
0.3537730715142188,0.0782605309052439,2
0.3542545018437278,0.0801862522232798,2
0.3574640373737875,0.0805072057762858,2
0.3582664212563025,0.0829143574238307,2
0.3556987928322547,0.0845191251888606,2
0.3520078269726859,0.0853215090713755,2
0.3486378146661231,0.0856424626243815,2
0.3455887559125662,0.0862843697303935,2
0.3414163597234885,0.0846796019653635,2
0.3375649170874166,0.0843586484123576,2
0.333071567345333,0.0843586484123576,2
0.3292201247092612,0.0851610322948725,2
0.3258501124026984,0.0862843697303935,2
0.3234429607551536,0.0872472303894114,2
0.3210358091076087,0.0851610322948725,2
0.3192705645660758,0.0880496142719263,2
0.3183077039070579,0.0910986730254831,2
0.3146167380474891,0.0922220104610041,2
0.311503484665441,0.09414773177904,2
0.3076520420293693,0.0947896388850519,2
0.3038005993932975,0.0957524995440699,2
0.3001096335337287,0.0965548834265848,2
0.2972210515566749,0.0962339298735789,2
0.2940115160266151,0.09414773177904,2
0.2914438876025673,0.092863917567016,2
0.2879133985195015,0.094468685332046,2
0.2847038629894416,0.0959129763205729,2
0.3687936938770086,0.1090720719938181,3
0.3683122635474997,0.1138863752889078,3
0.3723241829600744,0.1153306662774347,3
0.3764965791491522,0.1169354340424646,3
0.3809899288912359,0.1178982947014826,3
0.3846808947508047,0.1212683070080453,3
0.3885323373868765,0.1231940283260812,3
0.3923837800229482,0.1244778425381051,3
0.3949514084469961,0.1190216321370035,3
0.3973585600945409,0.1145282823949198,3
0.3922233032464452,0.1148492359479257,3
0.3878904302808645,0.1164540037129556,3
0.3843599411977987,0.1175773411484766,3
0.379385161126206,0.1159725733834467,3
0.3758546720431401,0.1143678056184168,3
0.3760151488196432,0.1119606539708719,3
0.3712008455245535,0.1093930255468241,3
0.4236767514410314,0.1148492359479257,4
0.4241581817705403,0.1183797250309915,4
0.4257629495355702,0.1235149818790872,4
0.4281701011831151,0.127366424515159,4
0.4305772528306598,0.1304154832687158,4
0.4341077419137257,0.1318597742572427,4
0.4326634509251988,0.1284897619506799,4
0.4315401134896779,0.1254407031971231,4
0.4317005902661809,0.1223916444435663,4
0.429132961842133,0.1204659231255304,4
0.4270467637475941,0.1187006785839975,4
0.4809348731330784,0.1191821089135065,5
0.4827001176746113,0.1239964122085962,5
0.4865515603106831,0.127366424515159,5
0.488798235181725,0.1307364368217218,5
0.4923287242647908,0.1329831116927637,5
0.4953777830183476,0.1337854955752786,5
0.4961801669008626,0.1304154832687158,5
0.4965011204538685,0.1286502387271829,5
0.4928101545942997,0.127526901291662,5
0.4904030029467548,0.1257616567501291,5
0.488798235181725,0.1236754586555902,5
0.4865515603106831,0.1204659231255304,5
0.4833420247806233,0.1183797250309915,5
0.4899369307462471,0.1289678490140118,6
0.4910067759229338,0.1288608644963431,6
0.4925045591702949,0.1289678490140118,6
0.4929324972409696,0.1296097561200237,6
0.4929324972409696,0.1310005548497163,6
0.491862652064283,0.1306796012967103,6
0.4905788378522591,0.1300376941906984,6
0.8046551568381537,0.2129933220276687,7
0.8096379343028137,0.2043275760965072,7
0.8215533349581607,0.1963839756596092,7
0.8298580081421905,0.1888014479698429,7
0.8370794630848252,0.1768860473144959,7
0.843939845280328,0.1678592286362026,7
0.8554941731885433,0.1631652829234902,7
0.8623545553840462,0.1591934827050412,7
0.8645209918668365,0.1548606097394604,7
0.8681317193381537,0.1530552460038018,7
0.871742446809471,0.1472780820496941,7
0.8746310287865249,0.1425841363369817,7
0.8786028290049738,0.1389734088656644,7
0.883657847464818,0.1324740994172933,7
0.8869075021890036,0.1263358627160539,7
0.8923235933959796,0.1198365532676827,7
0.895573248120165,0.1147815348078386,7
0.897017539108692,0.1090043708537309,7
0.8944900298787699,0.1057547161295454,7
0.897017539108692,0.099616479428306,7
0.8918767776250742,0.1008125329031798,7
0.8851367530119487,0.1027382542212157,7
0.8822481710348948,0.1044232603744971,7
0.8769524374102962,0.1024975390564612,7
0.8711752734561885,0.1046639755392516,7
0.8670831156553622,0.1073118423515509,7
0.8653981095020808,0.1104411394933592,7
0.862509527525027,0.1135704366351676,7
0.8591395152184642,0.1130890063056586,7
0.8543252119233744,0.1121261456466406,7
0.8514366299463206,0.1166997337769758,7
0.8560102180766558,0.1154961579532034,7
0.8569730787356737,0.1174218792712393,7
0.8511959147815662,0.1191068854245207,7
0.8485480479692669,0.1174218792712393,7
0.8444558901684405,0.1169404489417303,7
0.8408451626971233,0.1169404489417303,7
0.8425301688504047,0.1217547522368201,7
0.8434930295094226,0.1265690555319097,7
0.8406044475323687,0.1277726313556822,7
0.8360308594020336,0.1258469100376463,7
0.8331422774249798,0.1246433342138739,7
0.8360308594020336,0.1183847399302572,7
0.837234435225806,0.113811151799922,7
0.8408451626971233,0.1104411394933592,7
0.8427708840151591,0.105867551363024,7
0.8396415868733509,0.1024975390564612,7
0.8321794167659617,0.1039418300449881,7
0.8264022528118542,0.1068304120220419,7
0.8218286646815189,0.1094782788343413,7
0.8174957917159381,0.1333090801450354,7
0.8131629187503575,0.1588248876090109,7
0.8094559287204787,0.1698977851877172,7
0.8072894922376884,0.1761563794713338,7
0.8048823405901434,0.1826556889197049,7
0.8058452012491614,0.1869885618852857,7
0.80416019509588,0.1905992893566029,7
0.8024751889425986,0.1978207442992375,7
0.8012716131188261,0.2084122115484349,7
0.9040479577324232,0.1068253971227762,8
0.906615586156471,0.1081092113348001,8
0.9101460752395368,0.1084301648878061,8
0.9075784468154888,0.11131874686486,8
0.9046898648384352,0.1135654217359018,8
0.9021222364143872,0.1148492359479257,8
0.8997150847668425,0.1164540037129556,8
0.8966660260132856,0.1164540037129556,8
0.8977893634488066,0.1137258985124048,8
0.8993941312138365,0.110034932652836,8
0.9022827131908904,0.1089115952173151,8
0.6783624264878455,0.1681646367360893,9
0.6752331293460371,0.1700903580541252,9
0.6723445473689833,0.1720160793721611,9
0.669696680556684,0.1693682125598617,9
0.6675302440738937,0.1652760547590355,9
0.6665673834148758,0.1604617514639457,9
0.6641602317673309,0.155166017839347,9
0.6595866436369956,0.1503517145442573,9
0.6540501948476425,0.1450559809196586,9
0.6518837583648521,0.1407231079540779,9
0.6492358915525527,0.1380752411417786,9
0.6489951763877982,0.1332609378466889,9
0.6528466190238701,0.1325387923524254,9
0.6576609223189598,0.1351866591647247,9
0.6595866436369956,0.1373530956475151,9
0.6646416620968398,0.1404823927893234,9
0.6699373957214385,0.1424081141073593,9
0.6752331293460371,0.1407231079540779,9
0.6793252871468635,0.1400009624598144,9
0.6826952994534262,0.1440931202606407,9
0.6877503179132705,0.1469817022376945,9
0.6788438568173545,0.1469817022376945,9
0.6737888383575102,0.1450559809196586,9
0.6670488137443847,0.1443338354253952,9
0.661271649790277,0.1421673989426048,9
0.6569387768246963,0.1428895444368683,9
0.65982735880175,0.1469817022376945,9
0.663678801437822,0.1501109993795029,9
0.6675302440738937,0.1527588661918022,9
0.670178110886193,0.1546845875098381,9
0.6735481231927557,0.1546845875098381,9
0.6742702686870192,0.1570917391573829,9
0.6713816867099653,0.1563695936631195,9
0.6689745350624205,0.1575731694868919,9
0.6682523895681571,0.1614246121229637,9
0.669696680556684,0.1647946244295265,9
0.6742702686870192,0.1664796305828079,9
0.6893621182909424,0.1464310636047692,10
0.6922507002679964,0.1481963081463022,10
0.6943368983625353,0.1531710882178948,10
0.6903249789499605,0.1549363327594277,10
0.6904854557264634,0.15076393657035,10
0.6871154434199006,0.1552572863124337,11
0.6892016415144395,0.1579853915129846,11
0.6901645021734575,0.1602320663840264,11
0.6877573505259127,0.1603925431605294,11
0.6866340130903916,0.1587877753954995,11
0.8145019164437546,0.1870637853742714,12
0.8119342880197067,0.1880266460332894,12
0.8082433221601378,0.1896314137983193,12
0.806638554395108,0.1909152280103432,12
0.8090457060426529,0.1921990422223671,12
0.8093666595956588,0.195248100975924,12
0.8128971486787246,0.193803809987397,12
0.8153043003262694,0.1918780886693611,12
0.8159462074322814,0.1886685531393013,12
0.8164276377617904,0.1848171105032296,12
0.8177114519738142,0.1822494820791817,12
0.8202790803978621,0.1812866214201638,12
0.822044324939395,0.1790399465491219,12
0.823007185598413,0.1761513645720681,12
0.8249329069164489,0.1735837361480202,12
0.8265376746814789,0.1708556309474694,12
0.8271795817874908,0.1674856186409066,12
0.8268586282344847,0.1658808508758767,12
0.8215628946098862,0.1662018044288827,12
0.8183533590798263,0.1678065721939126,12
0.8181928823033233,0.1700532470649544,12
0.8202790803978621,0.1697322935119485,12
0.8170695448678024,0.1716580148299844,12
0.8135390557847366,0.1731023058185113,12
0.8104899970311797,0.1747070735835412,12
0.8096876131486648,0.176311841348571,12
0.8128971486787246,0.1767932716780801,12
0.8157857306557784,0.1764723181250741,12
0.8180324055268203,0.1756699342425591,12
0.8202790803978621,0.1748675503600442,12
0.8206000339508682,0.1761513645720681,12
0.8183533590798263,0.178077085890104,12
0.8164276377617904,0.1796818536551339,12
0.8159401477623354,0.1822461388130046,12
0.8151912561386546,0.185562658860733,12
0.8129445812676128,0.181176293636318,13
0.8106979063965709,0.1822461388130046,13
0.8090931386315411,0.1832089994720225,13
0.8102699683258964,0.1840648756133718,13
0.8126236277146069,0.1832089994720225,13
0.8142283954796368,0.1835299530250285,13
0.8401186487554525,0.1299307096730297,14
0.8422583391088257,0.1297167406376924,14
0.839048803578766,0.1326053226147462,14
0.8364811751547181,0.1345310439327821,14
0.8339135467306703,0.1350659665211254,14
0.8317738563772971,0.1359218426624747,14
0.8300621040945985,0.1377405794628419,14
0.8297411505415925,0.1388104246395285,14
0.8319878254126344,0.1381685175335165,14
0.833699577695333,0.1379545484981792,14
0.8351973609426941,0.1373126413921672,14
0.8366951441900555,0.1369916878391613,14
0.8373370512960674,0.1381685175335165,14
0.8369091132253926,0.1405221769222271,14
0.8372300667783987,0.1428758363109376,14
0.8354113299780315,0.1433037743816123,14
0.8335925931776642,0.1422339292049257,14
0.8317738563772971,0.140843130475233,14
0.8303830576476045,0.1405221769222271,14
0.8285643208472372,0.1420199601695883,14
0.8283503518118999,0.1433037743816123,14
0.8299551195769298,0.142447898240263,14
0.8313459183066224,0.1428758363109376,14
0.8318808408949657,0.1438386969699555,14
0.8313459183066224,0.1449085421466421,14
0.8293132124709178,0.1451225111819794,14
0.8266385995292014,0.1452294956996481,14
0.8244989091758281,0.1453364802173168,14
0.8236430330344788,0.1462993408763347,14
0.8244989091758281,0.1475831550883586,14
0.8263176459761954,0.1485460157473766,14
0.8271735221175446,0.1501507835124065,14
0.8287782898825745,0.1505787215830811,14
0.8304900421652731,0.1520765048304424,14
0.8325227480009777,0.1522904738657797,14
0.8340205312483389,0.1523974583834484,14
0.8346624383543508,0.1544301642191529,14
0.8347694228720195,0.1561419165018515,14
0.8354113299780315,0.15785366878455,14
0.833378624142327,0.1587095449258993,14
0.8312389337889536,0.158174622337556,14
0.8292062279532493,0.15785366878455,14
0.8274944756705507,0.1574257307138754,14
0.8257827233878521,0.1569977926432007,14
0.8241779556228223,0.1568908081255321,14
0.822359218822455,0.1564628700548575,14
0.8240709711051535,0.158174622337556,14
0.8225731878577923,0.1594584365495799,14
0.8212893736457683,0.1598863746202546,14
0.8211823891280997,0.1571047771608694,14
0.821396358163437,0.1546441332544902,14
0.8238570020698162,0.1542161951838156,14
0.8240709711051535,0.152825396454123,14
0.8232150949638042,0.1511136441714244,14
0.8247128782111655,0.1518625357951051,14
0.8262106614585267,0.1521834893481111,14
0.828029398258894,0.152825396454123,14
0.8284573363295686,0.1522904738657797,14
0.8267455840468699,0.1515415822420991,14
0.8258143973523115,0.150505169727184,14
0.8247445521756248,0.1495779705740555,14
0.8236033839871592,0.1483654793738107,14
0.8224622157986935,0.1473669572089032,14
0.8224622157986935,0.1459404969733211,14
0.8233894149518218,0.1443713907141808,14
0.8256004283169742,0.1443713907141808,14
0.8267415965054399,0.1437294836081688,14
0.8273121805996727,0.1422317003608076,14
0.828168056741022,0.1408765631370045,14
0.8282393797528012,0.139164810854306,14
0.8287386408352548,0.1378809966422821,14
0.8290239328823714,0.135883952312467,14
0.8307356851650699,0.1350280761711177,14
0.832732729494885,0.134528815088664,14
0.8344444817775835,0.1342435230415476,14
0.8357996190013864,0.1338869079826521,14
0.8368694641780732,0.133173677864861,14
0.8378679863429805,0.1319611866646162,14
0.8394370926021208,0.1308200184761504,14
0.8800341648370642,0.1081393007303945,15
0.8817459171197628,0.1082819467539527,15
0.8828870853082286,0.1094231149424184,15
0.8840282534966943,0.1103503140955468,15
0.8847414836144853,0.1119194203546871,15
0.8828157622964494,0.1121333893900245,15
0.8814606250726464,0.111848097342908,15
0.8803194568841808,0.111134867225117,15
0.8791069656839359,0.1107782521662214,15
0.8791069656839359,0.1096370839777557,15
0.748899002373552,0.1766327949015771,16
0.7509852004680909,0.1755094574660561,16
0.7529109217861267,0.1742256432540322,16
0.7521085379036118,0.1764723181250741,16
0.7516271075741028,0.1792004233256249,16
0.7501828165855758,0.17839803944311,16
0.8517325285924484,0.1403650434119012,17
0.8541396802399932,0.1400440898588952,17
0.8567073086640411,0.1397231363058893,17
0.8584725532055739,0.1385997988703683,17
0.8599168441941007,0.1376369382113504,17
0.8567073086640411,0.1381183685408593,17
0.8539792034634901,0.1390812291998773,17
0.8525349124749633,0.1392417059763803,17